ISO-10303-21;
HEADER;
FILE_DESCRIPTION (( 'STEP AP203' ),
    '1' );
FILE_NAME ('assem_1.STEP',
    '2026-05-11T05:21:43',
    ( '' ),
    ( '' ),
    'SwSTEP 2.0',
    'SolidWorks 2025',
    '' );
FILE_SCHEMA (( 'CONFIG_CONTROL_DESIGN' ));
ENDSEC;

DATA;
#1 = DIRECTION ( 'NONE',  ( -0.000000000000000000, -1.000000000000000000, -0.000000000000000000 ) ) ;
#2 = ADVANCED_FACE ( 'NONE', ( #209 ), #703, .T. ) ;
#3 = ORIENTED_EDGE ( 'NONE', *, *, #948, .F. ) ;
#4 = ORIENTED_EDGE ( 'NONE', *, *, #1873, .T. ) ;
#5 = ADVANCED_FACE ( 'NONE', ( #1409 ), #277, .T. ) ;
#6 = DIRECTION ( 'NONE',  ( -0.000000000000000000, -1.000000000000000000, -0.000000000000000000 ) ) ;
#7 = DIRECTION ( 'NONE',  ( 0.000000000000000000, 1.000000000000000000, 0.000000000000000000 ) ) ;
#8 = VERTEX_POINT ( 'NONE', #620 ) ;
#9 = AXIS2_PLACEMENT_3D ( 'NONE', #1503, #1335, #1848 ) ;
#10 = CARTESIAN_POINT ( 'NONE',  ( 698.7559678584350422, 950.3218071558549127, 1382.847826447443367 ) ) ;
#11 = CIRCLE ( 'NONE', #289, 5.000000000000000888 ) ;
#12 = CARTESIAN_POINT ( 'NONE',  ( 1.224646799147353217E-14, 0.000000000000000000, 100.0000000000000000 ) ) ;
#13 = CC_DESIGN_APPROVAL ( #830, ( #1150 ) ) ;
#14 = AXIS2_PLACEMENT_3D ( 'NONE', #536, #1373, #691 ) ;
#15 = ORIENTED_EDGE ( 'NONE', *, *, #1526, .F. ) ;
#16 = ORIENTED_EDGE ( 'NONE', *, *, #278, .T. ) ;
#17 = LINE ( 'NONE', #1413, #160 ) ;
#18 = CIRCLE ( 'NONE', #1255, 95.51671111996033403 ) ;
#19 = CARTESIAN_POINT ( 'NONE',  ( 73.17004577844642199, 5.000000000000004441, -61.39695842591885366 ) ) ;
#20 = DIRECTION ( 'NONE',  ( -0.000000000000000000, -1.000000000000000000, -0.000000000000000000 ) ) ;
#21 = EDGE_CURVE ( 'NONE', #2010, #2004, #447, .T. ) ;
#22 = EDGE_LOOP ( 'NONE', ( #2169, #1144, #157, #838 ) ) ;
#23 = CARTESIAN_POINT ( 'NONE',  ( -74.67797185538840665, 5.000000000000004441, -59.55369529038288334 ) ) ;
#24 = ORIENTED_EDGE ( 'NONE', *, *, #901, .F. ) ;
#25 = ORIENTED_EDGE ( 'NONE', *, *, #1058, .T. ) ;
#26 = DIRECTION ( 'NONE',  ( -0.000000000000000000, -1.000000000000000000, -0.000000000000000000 ) ) ;
#27 = EDGE_CURVE ( 'NONE', #1549, #467, #164, .T. ) ;
#28 = DIRECTION ( 'NONE',  ( 0.000000000000000000, 0.000000000000000000, 1.000000000000000000 ) ) ;
#29 = CARTESIAN_POINT ( 'NONE',  ( 0.000000000000000000, 50.00000000000000000, 0.000000000000000000 ) ) ;
#30 = AXIS2_PLACEMENT_3D ( 'NONE', #751, #121, #418 ) ;
#31 = ORIENTED_EDGE ( 'NONE', *, *, #89, .T. ) ;
#32 = APPROVAL_PERSON_ORGANIZATION ( #761, #994, #236 ) ;
#33 = CARTESIAN_POINT ( 'NONE',  ( -4.874639560909129088, 50.00000000000000000, 1.112604669781525280 ) ) ;
#34 = DIRECTION ( 'NONE',  ( -0.000000000000000000, 1.000000000000000000, -0.000000000000000000 ) ) ;
#35 = CYLINDRICAL_SURFACE ( 'NONE', #1544, 2.499999999999999556 ) ;
#36 = CYLINDRICAL_SURFACE ( 'NONE', #46, 95.51671111996033403 ) ;
#37 = CARTESIAN_POINT ( 'NONE',  ( 0.000000000000000000, 5.000000000000004441, 0.000000000000000000 ) ) ;
#38 = VECTOR ( 'NONE', #147, 1000.000000000000114 ) ;
#39 = APPROVAL ( #1101, 'UNKNOWN' ) ;
#40 = DIRECTION ( 'NONE',  ( 0.000000000000000000, 0.000000000000000000, -1.000000000000000000 ) ) ;
#41 = VERTEX_POINT ( 'NONE', #1480 ) ;
#42 = CARTESIAN_POINT ( 'NONE',  ( 0.000000000000000000, 5.000000000000004441, 0.000000000000000000 ) ) ;
#43 = EDGE_CURVE ( 'NONE', #126, #1504, #2176, .T. ) ;
#44 = ORIENTED_EDGE ( 'NONE', *, *, #1869, .T. ) ;
#45 = AXIS2_PLACEMENT_3D ( 'NONE', #1604, #83, #760 ) ;
#46 = AXIS2_PLACEMENT_3D ( 'NONE', #535, #885, #1572 ) ;
#47 = CC_DESIGN_SECURITY_CLASSIFICATION ( #1571, ( #2192 ) ) ;
#48 = DIRECTION ( 'NONE',  ( -0.000000000000000000, 1.000000000000000000, -0.000000000000000000 ) ) ;
#49 = CARTESIAN_POINT ( 'NONE',  ( -3.985662536114577215, 5.000000000000004441, -3.019022051627433090 ) ) ;
#50 = CARTESIAN_POINT ( 'NONE',  ( 9.381977789616371410, 5.000000000000004441, 7.481877622304784481 ) ) ;
#51 = AXIS2_PLACEMENT_3D ( 'NONE', #1047, #2061, #872 ) ;
#52 = DIRECTION ( 'NONE',  ( -0.000000000000000000, -1.000000000000000000, -0.000000000000000000 ) ) ;
#53 = ORIENTED_EDGE ( 'NONE', *, *, #1108, .T. ) ;
#54 = CLOSED_SHELL ( 'NONE', ( #2156, #1140, #436, #907, #1791, #708, #1294, #343, #1968, #1115, #321, #416, #1085, #1658, #2051, #1317, #2042, #1895, #582, #712, #5, #286, #883, #1963, #1910, #318, #1891, #1958, #1364, #2036, #1822, #2033, #1343, #1493, #1260, #2120, #232, #1271, #1133, #78, #1506, #1187, #247, #645, #392, #69, #1178, #663, #1591, #1644, #1803, #307, #198, #1919, #1570 ) ) ;
#55 = DATE_AND_TIME ( #1429, #274 ) ;
#56 = CARTESIAN_POINT ( 'NONE',  ( -92.56307520165817948, 5.000000000000004441, 23.56945507189604072 ) ) ;
#57 = VERTEX_POINT ( 'NONE', #1127 ) ;
#58 = DIRECTION ( 'NONE',  ( 0.000000000000000000, 1.000000000000000000, 0.000000000000000000 ) ) ;
#59 = CARTESIAN_POINT ( 'NONE',  ( 2.281053286765787558, 5.000000000000004441, 4.449359044057355383 ) ) ;
#60 = CARTESIAN_POINT ( 'NONE',  ( 0.000000000000000000, 5.000000000000004441, 0.000000000000000000 ) ) ;
#61 = PERSON_AND_ORGANIZATION ( #323, #1977 ) ;
#62 = DIRECTION ( 'NONE',  ( 0.6038044103254865957, 0.000000000000000000, -0.7971325072229156206 ) ) ;
#63 = ORIENTED_EDGE ( 'NONE', *, *, #491, .T. ) ;
#64 = CARTESIAN_POINT ( 'NONE',  ( 0.000000000000000000, 5.000000000000004441, -5.000000000000000000 ) ) ;
#65 = CC_DESIGN_DATE_AND_TIME_ASSIGNMENT ( #514, #338, ( #1571 ) ) ;
#66 = EDGE_CURVE ( 'NONE', #1489, #2124, #1139, .T. ) ;
#67 = COORDINATED_UNIVERSAL_TIME_OFFSET ( 10, 0, .AHEAD. ) ;
#68 = DIRECTION ( 'NONE',  ( 0.000000000000000000, 0.000000000000000000, 1.000000000000000000 ) ) ;
#69 = ADVANCED_FACE ( 'NONE', ( #288 ), #1471, .T. ) ;
#70 = CARTESIAN_POINT ( 'NONE',  ( -3.015961735643312380, 0.000000000000000000, -11.31162641482906572 ) ) ;
#71 = CIRCLE ( 'NONE', #359, 2.500000000000000444 ) ;
#72 = APPROVAL_STATUS ( 'not_yet_approved' ) ;
#73 = CARTESIAN_POINT ( 'NONE',  ( 6.963364264060542652, 5.000000000000004441, -10.41065754692665557 ) ) ;
#74 = VERTEX_POINT ( 'NONE', #1315 ) ;
#75 = EDGE_LOOP ( 'NONE', ( #1344, #2039 ) ) ;
#76 = CARTESIAN_POINT ( 'NONE',  ( -39.28479141709264866, 50.00000000000000000, 87.06404117940699905 ) ) ;
#77 = AXIS2_PLACEMENT_3D ( 'NONE', #60, #2076, #2097 ) ;
#78 = ADVANCED_FACE ( 'NONE', ( #1987 ), #1632, .F. ) ;
#79 = PERSON_AND_ORGANIZATION_ROLE ( 'creator' ) ;
#80 = AXIS2_PLACEMENT_3D ( 'NONE', #1171, #843, #1842 ) ;
#81 = CARTESIAN_POINT ( 'NONE',  ( 2.281053286765787558, 5.000000000000004441, 4.449359044057355383 ) ) ;
#82 = VECTOR ( 'NONE', #990, 1000.000000000000000 ) ;
#83 = DIRECTION ( 'NONE',  ( -0.000000000000000000, -1.000000000000000000, -0.000000000000000000 ) ) ;
#84 = APPROVAL_STATUS ( 'not_yet_approved' ) ;
#85 = DIRECTION ( 'NONE',  ( 0.000000000000000000, 0.000000000000000000, -1.000000000000000000 ) ) ;
#86 = ORIENTED_EDGE ( 'NONE', *, *, #151, .T. ) ;
#87 = ORIENTED_EDGE ( 'NONE', *, *, #1526, .T. ) ;
#88 = CARTESIAN_POINT ( 'NONE',  ( -92.56307520165817948, 5.000000000000004441, 23.56945507189604072 ) ) ;
#89 = EDGE_CURVE ( 'NONE', #1850, #453, #770, .T. ) ;
#90 = EDGE_CURVE ( 'NONE', #467, #1549, #1784, .T. ) ;
#91 = PERSON_AND_ORGANIZATION_ROLE ( 'classification_officer' ) ;
#92 = EDGE_CURVE ( 'NONE', #813, #1766, #1720, .T. ) ;
#93 = VECTOR ( 'NONE', #34, 1000.000000000000000 ) ;
#94 = DIRECTION ( 'NONE',  ( 0.000000000000000000, 0.000000000000000000, -1.000000000000000000 ) ) ;
#95 = AXIS2_PLACEMENT_3D ( 'NONE', #1496, #142, #2155 ) ;
#96 = DIRECTION ( 'NONE',  ( 0.7660444431189792347, 0.000000000000000000, -0.6427876096865379196 ) ) ;
#97 = DATE_AND_TIME ( #1276, #312 ) ;
#98 = DIRECTION ( 'NONE',  ( 0.000000000000000000, 0.000000000000000000, -1.000000000000000000 ) ) ;
#99 = EDGE_LOOP ( 'NONE', ( #337, #1265, #1063, #637 ) ) ;
#100 = AXIS2_PLACEMENT_3D ( 'NONE', #609, #1293, #1965 ) ;
#101 = ORIENTED_EDGE ( 'NONE', *, *, #163, .T. ) ;
#102 = DIRECTION ( 'NONE',  ( 0.000000000000000000, 0.000000000000000000, 1.000000000000000000 ) ) ;
#103 = DATE_TIME_ROLE ( 'classification_date' ) ;
#104 = DIRECTION ( 'NONE',  ( 0.000000000000000000, 0.000000000000000000, 1.000000000000000000 ) ) ;
#105 = PLANE ( 'NONE',  #642 ) ;
#106 = DATE_TIME_ROLE ( 'creation_date' ) ;
#107 = DIRECTION ( 'NONE',  ( -0.4338837391175525693, -0.000000000000000000, -0.9009688679024218105 ) ) ;
#108 = ORIENTED_EDGE ( 'NONE', *, *, #1878, .T. ) ;
#109 = ORIENTED_EDGE ( 'NONE', *, *, #1342, .T. ) ;
#110 = CIRCLE ( 'NONE', #2126, 2.499999999999999556 ) ;
#111 = CARTESIAN_POINT ( 'NONE',  ( -3.985662536114577215, 5.000000000000004441, -3.019022051627433090 ) ) ;
#112 = ORIENTED_EDGE ( 'NONE', *, *, #1089, .T. ) ;
#113 = EDGE_CURVE ( 'NONE', #1627, #753, #2006, .T. ) ;
#114 = DATE_AND_TIME ( #1304, #118 ) ;
#115 = DIRECTION ( 'NONE',  ( -0.7971325072229155095, 0.000000000000000000, -0.6038044103254865957 ) ) ;
#116 = AXIS2_PLACEMENT_3D ( 'NONE', #208, #727, #1229 ) ;
#117 = AXIS2_PLACEMENT_3D ( 'NONE', #313, #1162, #1713 ) ;
#118 = LOCAL_TIME ( 15, 21, 43.00000000000000000, #1435 ) ;
#119 = CARTESIAN_POINT ( 'NONE',  ( -3.985662536114577215, 50.00000000000000000, -3.019022051627433090 ) ) ;
#120 = DIRECTION ( 'NONE',  ( 0.000000000000000000, 1.000000000000000000, 0.000000000000000000 ) ) ;
#121 = DIRECTION ( 'NONE',  ( 0.000000000000000000, 1.000000000000000000, 0.000000000000000000 ) ) ;
#122 = EDGE_CURVE ( 'NONE', #2191, #1701, #1051, .T. ) ;
#123 = VERTEX_POINT ( 'NONE', #2166 ) ;
#124 = ORIENTED_EDGE ( 'NONE', *, *, #1998, .T. ) ;
#125 = LINE ( 'NONE', #33, #629 ) ;
#126 = VERTEX_POINT ( 'NONE', #996 ) ;
#127 = LINE ( 'NONE', #280, #2073 ) ;
#128 = EDGE_CURVE ( 'NONE', #1971, #740, #647, .T. ) ;
#129 = LINE ( 'NONE', #1447, #605 ) ;
#130 = CARTESIAN_POINT ( 'NONE',  ( 0.000000000000000000, 5.000000000000004441, 0.000000000000000000 ) ) ;
#131 = CARTESIAN_POINT ( 'NONE',  ( 6.963364264060542652, 10.00000000000000000, -10.41065754692665557 ) ) ;
#132 = ORIENTED_EDGE ( 'NONE', *, *, #1730, .T. ) ;
#133 = EDGE_LOOP ( 'NONE', ( #1548, #1846, #1358, #1575 ) ) ;
#134 = LINE ( 'NONE', #1826, #1817 ) ;
#135 = FACE_OUTER_BOUND ( 'NONE', #1756, .T. ) ;
#136 = EDGE_LOOP ( 'NONE', ( #2183, #381 ) ) ;
#137 = CIRCLE ( 'NONE', #1660, 2.500000000000000444 ) ;
#138 = APPROVAL ( #264, 'UNSPECIFIED' ) ;
#139 = SECURITY_CLASSIFICATION_LEVEL ( 'unclassified' ) ;
#140 = AXIS2_PLACEMENT_3D ( 'NONE', #1835, #1804, #965 ) ;
#141 = DIRECTION ( 'NONE',  ( -0.000000000000000000, -1.000000000000000000, -0.000000000000000000 ) ) ;
#142 = DIRECTION ( 'NONE',  ( -0.000000000000000000, -1.000000000000000000, -0.000000000000000000 ) ) ;
#143 = CYLINDRICAL_SURFACE ( 'NONE', #1377, 95.00000000000000000 ) ;
#144 = VERTEX_POINT ( 'NONE', #844 ) ;
#145 = ORIENTED_EDGE ( 'NONE', *, *, #1113, .T. ) ;
#146 = CARTESIAN_POINT ( 'NONE',  ( 95.00000000000000000, 50.00000000000000000, 0.000000000000000000 ) ) ;
#147 = DIRECTION ( 'NONE',  ( -0.7971325072229155095, 0.000000000000000000, -0.6038044103254865957 ) ) ;
#148 = ORIENTED_EDGE ( 'NONE', *, *, #1375, .T. ) ;
#149 = AXIS2_PLACEMENT_3D ( 'NONE', #1832, #1674, #315 ) ;
#150 = CIRCLE ( 'NONE', #2054, 2.500000000000000444 ) ;
#151 = EDGE_CURVE ( 'NONE', #1210, #2109, #655, .T. ) ;
#152 = DIRECTION ( 'NONE',  ( -0.000000000000000000, 1.000000000000000000, -0.000000000000000000 ) ) ;
#153 = LINE ( 'NONE', #1797, #1124 ) ;
#154 = VECTOR ( 'NONE', #797, 1000.000000000000000 ) ;
#155 = DIRECTION ( 'NONE',  ( -0.000000000000000000, 1.000000000000000000, -0.000000000000000000 ) ) ;
#156 = ORIENTED_EDGE ( 'NONE', *, *, #163, .F. ) ;
#157 = ORIENTED_EDGE ( 'NONE', *, *, #1197, .T. ) ;
#158 = DIRECTION ( 'NONE',  ( 0.000000000000000000, 1.000000000000000000, 0.000000000000000000 ) ) ;
#159 = FACE_BOUND ( 'NONE', #1861, .T. ) ;
#160 = VECTOR ( 'NONE', #1702, 1000.000000000000114 ) ;
#161 = VERTEX_POINT ( 'NONE', #1129 ) ;
#162 = EDGE_CURVE ( 'NONE', #2066, #1179, #1330, .T. ) ;
#163 = EDGE_CURVE ( 'NONE', #2018, #963, #1484, .T. ) ;
#164 = CIRCLE ( 'NONE', #1404, 2.500000000000000444 ) ;
#165 = DIRECTION ( 'NONE',  ( -0.000000000000000000, -1.000000000000000000, -0.000000000000000000 ) ) ;
#166 = DIRECTION ( 'NONE',  ( -0.000000000000000000, -1.000000000000000000, -0.000000000000000000 ) ) ;
#167 = EDGE_CURVE ( 'NONE', #1883, #1537, #833, .T. ) ;
#168 = ORIENTED_EDGE ( 'NONE', *, *, #1576, .T. ) ;
#169 = CIRCLE ( 'NONE', #2029, 5.000000000000000888 ) ;
#170 = DIRECTION ( 'NONE',  ( 0.000000000000000000, 0.000000000000000000, 1.000000000000000000 ) ) ;
#171 = FACE_OUTER_BOUND ( 'NONE', #1046, .T. ) ;
#172 = VERTEX_POINT ( 'NONE', #1007 ) ;
#173 = EDGE_CURVE ( 'NONE', #824, #1451, #1163, .T. ) ;
#174 = APPROVAL_DATE_TIME ( #2019, #39 ) ;
#175 = APPROVAL_PERSON_ORGANIZATION ( #961, #2164, #612 ) ;
#176 = CARTESIAN_POINT ( 'NONE',  ( -4.874639560909129088, 5.000000000000004441, 1.112604669781525280 ) ) ;
#177 = CARTESIAN_POINT ( 'NONE',  ( -92.56307520165817948, 50.00000000000000000, 23.56945507189604072 ) ) ;
#178 = ORIENTED_EDGE ( 'NONE', *, *, #128, .T. ) ;
#179 = CARTESIAN_POINT ( 'NONE',  ( 0.000000000000000000, 5.000000000000004441, -95.51671111996033403 ) ) ;
#180 = EDGE_LOOP ( 'NONE', ( #1312, #868, #1332, #741 ) ) ;
#181 = ORIENTED_EDGE ( 'NONE', *, *, #2179, .F. ) ;
#182 = DIRECTION ( 'NONE',  ( -0.000000000000000000, -1.000000000000000000, -0.000000000000000000 ) ) ;
#183 = EDGE_CURVE ( 'NONE', #1009, #964, #153, .T. ) ;
#184 = LINE ( 'NONE', #2190, #1637 ) ;
#185 = DIRECTION ( 'NONE',  ( -0.000000000000000000, 1.000000000000000000, -0.000000000000000000 ) ) ;
#186 = ORIENTED_EDGE ( 'NONE', *, *, #1347, .T. ) ;
#187 = VECTOR ( 'NONE', #1719, 1000.000000000000000 ) ;
#188 = DIRECTION ( 'NONE',  ( -0.000000000000000000, -1.000000000000000000, -0.000000000000000000 ) ) ;
#189 = EDGE_CURVE ( 'NONE', #1451, #57, #2013, .T. ) ;
#190 = CC_DESIGN_SECURITY_CLASSIFICATION ( #1150, ( #2193 ) ) ;
#191 = AXIS2_PLACEMENT_3D ( 'NONE', #388, #367, #1557 ) ;
#192 = ORIENTED_EDGE ( 'NONE', *, *, #1598, .T. ) ;
#193 = ORIENTED_EDGE ( 'NONE', *, *, #92, .F. ) ;
#194 = CARTESIAN_POINT ( 'NONE',  ( 4.900862439242715141, 50.00000000000000000, 0.9907307159970064614 ) ) ;
#195 = VECTOR ( 'NONE', #1621, 1000.000000000000114 ) ;
#196 = DIRECTION ( 'NONE',  ( -0.000000000000000000, -1.000000000000000000, -0.000000000000000000 ) ) ;
#197 = DIRECTION ( 'NONE',  ( -0.000000000000000000, 1.000000000000000000, -0.000000000000000000 ) ) ;
#198 = ADVANCED_FACE ( 'NONE', ( #450 ), #1319, .F. ) ;
#199 = VERTEX_POINT ( 'NONE', #571 ) ;
#200 =( LENGTH_UNIT ( ) NAMED_UNIT ( * ) SI_UNIT ( .MILLI., .METRE. ) );
#201 = CARTESIAN_POINT ( 'NONE',  ( 6.963364264060542652, 5.000000000000004441, -7.910657546926654682 ) ) ;
#202 = AXIS2_PLACEMENT_3D ( 'NONE', #556, #1237, #1922 ) ;
#203 = ORIENTED_EDGE ( 'NONE', *, *, #2118, .T. ) ;
#204 = CARTESIAN_POINT ( 'NONE',  ( 0.000000000000000000, 50.00000000000000000, 0.000000000000000000 ) ) ;
#205 = PRODUCT_DEFINITION ( 'UNKNOWN', '', #400, #1885 ) ;
#206 = CARTESIAN_POINT ( 'NONE',  ( 0.000000000000000000, 5.000000000000004441, 0.000000000000000000 ) ) ;
#207 = FACE_OUTER_BOUND ( 'NONE', #2014, .T. ) ;
#208 = CARTESIAN_POINT ( 'NONE',  ( 2.281053286765788002, 5.000000000000004441, 4.449359044057356272 ) ) ;
#209 = FACE_OUTER_BOUND ( 'NONE', #1872, .T. ) ;
#210 = CARTESIAN_POINT ( 'NONE',  ( 0.000000000000000000, 5.000000000000004441, -5.000000000000000000 ) ) ;
#211 = VERTEX_POINT ( 'NONE', #2001 ) ;
#212 = DIRECTION ( 'NONE',  ( 0.000000000000000000, 1.000000000000000000, 0.000000000000000000 ) ) ;
#213 = DIRECTION ( 'NONE',  ( -0.000000000000000000, -1.000000000000000000, -0.000000000000000000 ) ) ;
#214 = LINE ( 'NONE', #350, #1744 ) ;
#215 = PERSON ( 'NAUO-PER1', 'UNSPECIFIED', 'UNSPECIFIED', ('UNSPECIFIED'), ('UNSPECIFIED'), ('UNSPECIFIED') ) ;
#216 = VECTOR ( 'NONE', #1515, 1000.000000000000000 ) ;
#217 = LINE ( 'NONE', #896, #1322 ) ;
#218 = ORIENTED_EDGE ( 'NONE', *, *, #1956, .T. ) ;
#219 = DIRECTION ( 'NONE',  ( -0.000000000000000000, -1.000000000000000000, -0.000000000000000000 ) ) ;
#220 = VERTEX_POINT ( 'NONE', #1511 ) ;
#221 = VECTOR ( 'NONE', #461, 1000.000000000000000 ) ;
#222 = APPROVAL_PERSON_ORGANIZATION ( #435, #138, #794 ) ;
#223 = CARTESIAN_POINT ( 'NONE',  ( -3.909157412340110049, 5.000000000000004441, -3.117449009293715712 ) ) ;
#224 = DIRECTION ( 'NONE',  ( 0.000000000000000000, 1.000000000000000000, 0.000000000000000000 ) ) ;
#225 = CARTESIAN_POINT ( 'NONE',  ( 6.963364264060542652, 5.000000000000004441, -12.91065754692665557 ) ) ;
#226 = CC_DESIGN_PERSON_AND_ORGANIZATION_ASSIGNMENT ( #559, #1239, ( #1934 ) ) ;
#227 = DATE_AND_TIME ( #1913, #1522 ) ;
#228 = LINE ( 'NONE', #900, #635 ) ;
#229 = EDGE_CURVE ( 'NONE', #890, #306, #127, .T. ) ;
#230 = VERTEX_POINT ( 'NONE', #975 ) ;
#231 = CARTESIAN_POINT ( 'NONE',  ( 0.000000000000000000, 5.000000000000004441, -5.000000000000000000 ) ) ;
#232 = ADVANCED_FACE ( 'NONE', ( #1830 ), #1172, .F. ) ;
#233 = CARTESIAN_POINT ( 'NONE',  ( -8.600146307148348157, 0.000000000000000000, 8.358387820446072425 ) ) ;
#234 = FACE_OUTER_BOUND ( 'NONE', #1230, .T. ) ;
#235 = VECTOR ( 'NONE', #1298, 1000.000000000000114 ) ;
#236 = APPROVAL_ROLE ( '' ) ;
#237 = CARTESIAN_POINT ( 'NONE',  ( 0.000000000000000000, 5.000000000000004441, 11.00000000000000000 ) ) ;
#238 = AXIS2_PLACEMENT_3D ( 'NONE', #1020, #377, #720 ) ;
#239 = ORIENTED_EDGE ( 'NONE', *, *, #2117, .T. ) ;
#240 = VERTEX_POINT ( 'NONE', #1296 ) ;
#241 = PLANE ( 'NONE',  #834 ) ;
#242 = DATE_AND_TIME ( #2091, #1005 ) ;
#243 = DIRECTION ( 'NONE',  ( 0.000000000000000000, 0.000000000000000000, 1.000000000000000000 ) ) ;
#244 = DIRECTION ( 'NONE',  ( -0.4338837391175525138, 0.000000000000000000, -0.9009688679024218105 ) ) ;
#245 = CIRCLE ( 'NONE', #1768, 95.51671111996031982 ) ;
#246 = APPLICATION_PROTOCOL_DEFINITION ( 'international standard', 'config_control_design', 1994, #744 ) ;
#247 = ADVANCED_FACE ( 'NONE', ( #1967, #633 ), #959, .T. ) ;
#248 = DIRECTION ( 'NONE',  ( 0.000000000000000000, 0.000000000000000000, -1.000000000000000000 ) ) ;
#249 = ORIENTED_EDGE ( 'NONE', *, *, #183, .F. ) ;
#250 = ORIENTED_EDGE ( 'NONE', *, *, #113, .F. ) ;
#251 = EDGE_CURVE ( 'NONE', #483, #1630, #842, .T. ) ;
#252 = DIRECTION ( 'NONE',  ( -0.000000000000000000, 1.000000000000000000, -0.000000000000000000 ) ) ;
#253 = VECTOR ( 'NONE', #1763, 1000.000000000000000 ) ;
#254 = PERSON_AND_ORGANIZATION ( #323, #1977 ) ;
#255 = PLANE ( 'NONE',  #1921 ) ;
#256 = CIRCLE ( 'NONE', #683, 2.500000000000000444 ) ;
#257 = DIRECTION ( 'NONE',  ( 0.000000000000000000, 1.000000000000000000, 0.000000000000000000 ) ) ;
#258 = PERSON_AND_ORGANIZATION ( #323, #1977 ) ;
#259 = DIRECTION ( 'NONE',  ( 0.000000000000000000, -0.000000000000000000, 1.000000000000000000 ) ) ;
#260 = ORIENTED_EDGE ( 'NONE', *, *, #1058, .F. ) ;
#261 = AXIS2_PLACEMENT_3D ( 'NONE', #1793, #1976, #459 ) ;
#262 = EDGE_LOOP ( 'NONE', ( #25, #1192, #1596, #2187 ) ) ;
#263 = DIRECTION ( 'NONE',  ( -0.000000000000000000, -1.000000000000000000, -0.000000000000000000 ) ) ;
#264 = APPROVAL_STATUS ( 'not_yet_approved' ) ;
#265 = VECTOR ( 'NONE', #2075, 999.9999999999998863 ) ;
#266 = CARTESIAN_POINT ( 'NONE',  ( 12.48096642864992312, 5.000000000000004441, -4.546761405617074203 ) ) ;
#267 = VECTOR ( 'NONE', #2178, 1000.000000000000000 ) ;
#268 = DIRECTION ( 'NONE',  ( -0.000000000000000000, 1.000000000000000000, -0.000000000000000000 ) ) ;
#269 = APPROVAL_STATUS ( 'not_yet_approved' ) ;
#270 = CARTESIAN_POINT ( 'NONE',  ( 0.000000000000000000, 5.000000000000004441, 5.000000000000000888 ) ) ;
#271 = ORIENTED_EDGE ( 'NONE', *, *, #1044, .F. ) ;
#272 = ORIENTED_EDGE ( 'NONE', *, *, #1078, .F. ) ;
#273 = FACE_OUTER_BOUND ( 'NONE', #1365, .T. ) ;
#274 = LOCAL_TIME ( 15, 21, 43.00000000000000000, #908 ) ;
#275 = ORIENTED_EDGE ( 'NONE', *, *, #678, .T. ) ;
#276 = APPROVAL_DATE_TIME ( #1600, #1414 ) ;
#277 = CYLINDRICAL_SURFACE ( 'NONE', #935, 5.000000000000000000 ) ;
#278 = EDGE_CURVE ( 'NONE', #1961, #287, #169, .T. ) ;
#279 = CARTESIAN_POINT ( 'NONE',  ( -4.845386431145402462, 50.00000000000000000, 1.233786988451420763 ) ) ;
#280 = CARTESIAN_POINT ( 'NONE',  ( -3.909157412340110049, 5.000000000000004441, -3.117449009293715712 ) ) ;
#281 = APPROVAL_DATE_TIME ( #1798, #2164 ) ;
#282 = CARTESIAN_POINT ( 'NONE',  ( -3.909157412340110049, 5.000000000000004441, -3.117449009293715712 ) ) ;
#283 = ORIENTED_EDGE ( 'NONE', *, *, #977, .T. ) ;
#284 = ORIENTED_EDGE ( 'NONE', *, *, #1655, .F. ) ;
#285 = CARTESIAN_POINT ( 'NONE',  ( 4.900862439242715141, 5.000000000000004441, 0.9907307159970064614 ) ) ;
#286 = ADVANCED_FACE ( 'NONE', ( #207 ), #2035, .F. ) ;
#287 = VERTEX_POINT ( 'NONE', #1573 ) ;
#288 = FACE_OUTER_BOUND ( 'NONE', #2045, .T. ) ;
#289 = AXIS2_PLACEMENT_3D ( 'NONE', #2052, #213, #1405 ) ;
#290 = CC_DESIGN_SECURITY_CLASSIFICATION ( #680, ( #400 ) ) ;
#291 = AXIS2_PLACEMENT_3D ( 'NONE', #2083, #769, #1782 ) ;
#292 = DIRECTION ( 'NONE',  ( 0.000000000000000000, 1.000000000000000000, 0.000000000000000000 ) ) ;
#293 = DIRECTION ( 'NONE',  ( 0.000000000000000000, 0.000000000000000000, 1.000000000000000000 ) ) ;
#294 = CIRCLE ( 'NONE', #574, 95.51671111996033403 ) ;
#295 = CARTESIAN_POINT ( 'NONE',  ( 0.000000000000000000, 0.000000000000000000, 11.00000000000000000 ) ) ;
#296 = ORIENTED_EDGE ( 'NONE', *, *, #2179, .T. ) ;
#297 = EDGE_CURVE ( 'NONE', #504, #1537, #1074, .T. ) ;
#298 = ORIENTED_EDGE ( 'NONE', *, *, #1417, .F. ) ;
#299 = CARTESIAN_POINT ( 'NONE',  ( 93.12190775065721482, 5.000000000000004441, 21.25446776684941952 ) ) ;
#300 = ORIENTED_EDGE ( 'NONE', *, *, #1434, .T. ) ;
#301 = VECTOR ( 'NONE', #423, 1000.000000000000000 ) ;
#302 = DIRECTION ( 'NONE',  ( 0.000000000000000000, -1.000000000000000000, 0.000000000000000000 ) ) ;
#303 = CARTESIAN_POINT ( 'NONE',  ( 3.909157412340154014, 5.000000000000004441, -3.117449009293660644 ) ) ;
#304 = LINE ( 'NONE', #2002, #347 ) ;
#305 = ORIENTED_EDGE ( 'NONE', *, *, #709, .F. ) ;
#306 = VERTEX_POINT ( 'NONE', #1714 ) ;
#307 = ADVANCED_FACE ( 'NONE', ( #526 ), #1562, .F. ) ;
#308 = CARTESIAN_POINT ( 'NONE',  ( 0.000000000000000000, 0.000000000000000000, -100.0000000000000000 ) ) ;
#309 = DIRECTION ( 'NONE',  ( 0.000000000000000000, 0.000000000000000000, 1.000000000000000000 ) ) ;
#310 = ORIENTED_EDGE ( 'NONE', *, *, #1147, .T. ) ;
#311 = AXIS2_PLACEMENT_3D ( 'NONE', #762, #2145, #1786 ) ;
#312 = LOCAL_TIME ( 15, 21, 43.00000000000000000, #590 ) ;
#313 = CARTESIAN_POINT ( 'NONE',  ( 0.000000000000000000, 5.000000000000004441, 0.000000000000000000 ) ) ;
#314 = CARTESIAN_POINT ( 'NONE',  ( 0.000000000000000000, 5.000000000000004441, 0.000000000000000000 ) ) ;
#315 = DIRECTION ( 'NONE',  ( 0.000000000000000000, 0.000000000000000000, 1.000000000000000000 ) ) ;
#316 = VERTEX_POINT ( 'NONE', #1876 ) ;
#317 = ORIENTED_EDGE ( 'NONE', *, *, #549, .T. ) ;
#318 = ADVANCED_FACE ( 'NONE', ( #1060 ), #2053, .T. ) ;
#319 = FACE_OUTER_BOUND ( 'NONE', #1564, .T. ) ;
#320 = DIRECTION ( 'NONE',  ( 0.000000000000000000, 0.000000000000000000, -1.000000000000000000 ) ) ;
#321 = ADVANCED_FACE ( 'NONE', ( #373, #702, #1887, #1186, #1733, #711, #1396, #1028 ), #544, .T. ) ;
#322 = VERTEX_POINT ( 'NONE', #852 ) ;
#323 = PERSON ( 'UNSPECIFIED', 'UNSPECIFIED', 'UNSPECIFIED', ('UNSPECIFIED'), ('UNSPECIFIED'), ('UNSPECIFIED') ) ;
#324 = VECTOR ( 'NONE', #2172, 1000.000000000000114 ) ;
#325 = EDGE_CURVE ( 'NONE', #1422, #230, #572, .T. ) ;
#326 = CONTEXT_DEPENDENT_SHAPE_REPRESENTATION ( #1653, #1528 ) ;
#327 = EDGE_CURVE ( 'NONE', #1549, #929, #214, .T. ) ;
#328 = CARTESIAN_POINT ( 'NONE',  ( 6.963364264060542652, 0.000000000000000000, -12.91065754692665557 ) ) ;
#329 = DIRECTION ( 'NONE',  ( 0.2225209339563182231, 0.000000000000000000, -0.9749279121818227312 ) ) ;
#330 = CIRCLE ( 'NONE', #1951, 100.0000000000000000 ) ;
#331 = CIRCLE ( 'NONE', #2026, 4.999999999999999112 ) ;
#332 = CC_DESIGN_SECURITY_CLASSIFICATION ( #1698, ( #557 ) ) ;
#333 = ORIENTED_EDGE ( 'NONE', *, *, #173, .F. ) ;
#334 = PLANE ( 'NONE',  #1778 ) ;
#335 = LINE ( 'NONE', #672, #1067 ) ;
#336 = ORIENTED_EDGE ( 'NONE', *, *, #1039, .T. ) ;
#337 = ORIENTED_EDGE ( 'NONE', *, *, #734, .T. ) ;
#338 = DATE_TIME_ROLE ( 'classification_date' ) ;
#339 = UNCERTAINTY_MEASURE_WITH_UNIT (LENGTH_MEASURE( 1.000000000000000082E-05 ), #353, 'distance_accuracy_value', 'NONE');
#340 = CYLINDRICAL_SURFACE ( 'NONE', #898, 2.500000000000000444 ) ;
#341 = CARTESIAN_POINT ( 'NONE',  ( 0.000000000000000000, 5.000000000000004441, 0.000000000000000000 ) ) ;
#342 = VERTEX_POINT ( 'NONE', #1856 ) ;
#343 = ADVANCED_FACE ( 'NONE', ( #1864 ), #1384, .T. ) ;
#344 = FACE_BOUND ( 'NONE', #732, .T. ) ;
#345 = ORIENTED_EDGE ( 'NONE', *, *, #1647, .F. ) ;
#346 = LINE ( 'NONE', #1897, #1683 ) ;
#347 = VECTOR ( 'NONE', #997, 1000.000000000000000 ) ;
#348 = AXIS2_PLACEMENT_3D ( 'NONE', #2025, #1387, #1356 ) ;
#349 = CARTESIAN_POINT ( 'NONE',  ( 12.48096642864992312, 5.000000000000004441, 0.4532385943829264630 ) ) ;
#350 = CARTESIAN_POINT ( 'NONE',  ( 12.48096642864992312, 10.00000000000000000, 0.4532385943829264630 ) ) ;
#351 = EDGE_CURVE ( 'NONE', #1311, #785, #1639, .T. ) ;
#352 = ORIENTED_EDGE ( 'NONE', *, *, #1696, .T. ) ;
#353 =( LENGTH_UNIT ( ) NAMED_UNIT ( * ) SI_UNIT ( .MILLI., .METRE. ) );
#354 = DIRECTION ( 'NONE',  ( 0.000000000000000000, -1.000000000000000000, 0.000000000000000000 ) ) ;
#355 = VERTEX_POINT ( 'NONE', #177 ) ;
#356 = ORIENTED_EDGE ( 'NONE', *, *, #1454, .F. ) ;
#357 = PLANE ( 'NONE',  #1399 ) ;
#358 = EDGE_CURVE ( 'NONE', #653, #2137, #676, .T. ) ;
#359 = AXIS2_PLACEMENT_3D ( 'NONE', #73, #919, #624 ) ;
#360 = CARTESIAN_POINT ( 'NONE',  ( 0.000000000000000000, 50.00000000000000000, -100.0000000000000000 ) ) ;
#361 = CARTESIAN_POINT ( 'NONE',  ( 0.000000000000000000, 5.000000000000004441, 0.000000000000000000 ) ) ;
#362 =( REPRESENTATION_RELATIONSHIP ('NONE','NONE', #376, #1212 ) REPRESENTATION_RELATIONSHIP_WITH_TRANSFORMATION ( #828 )SHAPE_REPRESENTATION_RELATIONSHIP( ) );
#363 = AXIS2_PLACEMENT_3D ( 'NONE', #808, #292, #424 ) ;
#364 = ORIENTED_EDGE ( 'NONE', *, *, #43, .T. ) ;
#365 = DIRECTION ( 'NONE',  ( -0.2457487729359695561, 0.000000000000000000, -0.9693335548718333694 ) ) ;
#366 = VECTOR ( 'NONE', #372, 1000.000000000000000 ) ;
#367 = DIRECTION ( 'NONE',  ( 0.000000000000000000, 1.000000000000000000, 0.000000000000000000 ) ) ;
#368 = PRODUCT_RELATED_PRODUCT_CATEGORY ( 'detail', '', ( #1010 ) ) ;
#369 = ORIENTED_EDGE ( 'NONE', *, *, #251, .T. ) ;
#370 = CARTESIAN_POINT ( 'NONE',  ( 4.874639560909112213, 5.000000000000004441, 1.112604669781591227 ) ) ;
#371 = VECTOR ( 'NONE', #904, 1000.000000000000114 ) ;
#372 = DIRECTION ( 'NONE',  ( -0.000000000000000000, -1.000000000000000000, -0.000000000000000000 ) ) ;
#373 = FACE_BOUND ( 'NONE', #1099, .T. ) ;
#374 = FACE_BOUND ( 'NONE', #1056, .T. ) ;
#375 = ORIENTED_EDGE ( 'NONE', *, *, #880, .T. ) ;
#376 = SHAPE_REPRESENTATION ( 'assem_1', ( #2079, #348, #524 ), #1093 ) ;
#377 = DIRECTION ( 'NONE',  ( -0.000000000000000000, -1.000000000000000000, -0.000000000000000000 ) ) ;
#378 = LINE ( 'NONE', #23, #1439 ) ;
#379 = CIRCLE ( 'NONE', #1337, 100.0000000000000000 ) ;
#380 = VECTOR ( 'NONE', #166, 1000.000000000000000 ) ;
#381 = ORIENTED_EDGE ( 'NONE', *, *, #43, .F. ) ;
#382 = CARTESIAN_POINT ( 'NONE',  ( 1.224646799147353217E-14, 0.000000000000000000, 100.0000000000000000 ) ) ;
#383 = DIRECTION ( 'NONE',  ( 0.000000000000000000, 1.000000000000000000, 0.000000000000000000 ) ) ;
#384 = CARTESIAN_POINT ( 'NONE',  ( -8.600146307148348157, 0.000000000000000000, 5.858387820446070648 ) ) ;
#385 = DIRECTION ( 'NONE',  ( 0.000000000000000000, -0.000000000000000000, 1.000000000000000000 ) ) ;
#386 = VERTEX_POINT ( 'NONE', #1037 ) ;
#387 = SHAPE_REPRESENTATION_RELATIONSHIP ( 'NONE' , 'NONE' ,  #1212, #2115 ) ;
#388 = CARTESIAN_POINT ( 'NONE',  ( 0.000000000000000000, 5.000000000000004441, 0.000000000000000000 ) ) ;
#389 = EDGE_LOOP ( 'NONE', ( #2147, #1077, #955, #2040 ) ) ;
#390 = EDGE_CURVE ( 'NONE', #467, #1833, #862, .T. ) ;
#391 = FACE_OUTER_BOUND ( 'NONE', #617, .T. ) ;
#392 = ADVANCED_FACE ( 'NONE', ( #1215 ), #255, .F. ) ;
#393 = LINE ( 'NONE', #81, #765 ) ;
#394 = DIRECTION ( 'NONE',  ( 0.000000000000000000, 1.000000000000000000, 0.000000000000000000 ) ) ;
#395 = DATE_AND_TIME ( #1410, #884 ) ;
#396 = DIRECTION ( 'NONE',  ( -0.000000000000000000, 1.000000000000000000, -0.000000000000000000 ) ) ;
#397 = EDGE_CURVE ( 'NONE', #1642, #144, #1270, .T. ) ;
#398 = ORIENTED_EDGE ( 'NONE', *, *, #1888, .T. ) ;
#399 = AXIS2_PLACEMENT_3D ( 'NONE', #1542, #1185, #1339 ) ;
#400 = PRODUCT_DEFINITION_FORMATION_WITH_SPECIFIED_SOURCE ( 'ANY', '', #1854, .NOT_KNOWN. ) ;
#401 = AXIS2_PLACEMENT_3D ( 'NONE', #384, #1722, #669 ) ;
#402 = CYLINDRICAL_SURFACE ( 'NONE', #1218, 95.51671111996033403 ) ;
#403 = AXIS2_PLACEMENT_3D ( 'NONE', #1088, #1769, #102 ) ;
#404 = LINE ( 'NONE', #1950, #654 ) ;
#405 = CYLINDRICAL_SURFACE ( 'NONE', #2130, 2.500000000000000444 ) ;
#406 = APPROVAL_ROLE ( '' ) ;
#407 = DIRECTION ( 'NONE',  ( -0.7971325072229155095, 0.000000000000000000, -0.6038044103254864847 ) ) ;
#408 = ORIENTED_EDGE ( 'NONE', *, *, #327, .F. ) ;
#409 = EDGE_CURVE ( 'NONE', #1512, #1850, #1582, .T. ) ;
#410 = ORIENTED_EDGE ( 'NONE', *, *, #1754, .T. ) ;
#411 = CYLINDRICAL_SURFACE ( 'NONE', #610, 2.500000000000000444 ) ;
#412 = PERSON_AND_ORGANIZATION ( #323, #1977 ) ;
#413 = FACE_OUTER_BOUND ( 'NONE', #22, .T. ) ;
#414 = CARTESIAN_POINT ( 'NONE',  ( -2.169418695587825852, 5.000000000000004441, 4.504844339512077411 ) ) ;
#415 = AXIS2_PLACEMENT_3D ( 'NONE', #1618, #1132, #98 ) ;
#416 = ADVANCED_FACE ( 'NONE', ( #735 ), #1941, .T. ) ;
#417 = DATE_TIME_ROLE ( 'classification_date' ) ;
#418 = DIRECTION ( 'NONE',  ( 0.000000000000000000, 0.000000000000000000, 1.000000000000000000 ) ) ;
#419 = ORIENTED_EDGE ( 'NONE', *, *, #229, .T. ) ;
#420 = EDGE_LOOP ( 'NONE', ( #1111, #1682, #369, #1824 ) ) ;
#421 = CARTESIAN_POINT ( 'NONE',  ( 0.000000000000000000, 5.000000000000004441, 0.000000000000000000 ) ) ;
#422 = SECURITY_CLASSIFICATION_LEVEL ( 'unclassified' ) ;
#423 = DIRECTION ( 'NONE',  ( -0.000000000000000000, -1.000000000000000000, -0.000000000000000000 ) ) ;
#424 = DIRECTION ( 'NONE',  ( 0.000000000000000000, 0.000000000000000000, 1.000000000000000000 ) ) ;
#425 = CIRCLE ( 'NONE', #892, 95.00000000000000000 ) ;
#426 = VECTOR ( 'NONE', #452, 1000.000000000000000 ) ;
#427 = DATE_AND_TIME ( #1747, #916 ) ;
#428 = CARTESIAN_POINT ( 'NONE',  ( 2.169418695587764123, 50.00000000000000000, 4.504844339512109386 ) ) ;
#429 = EDGE_LOOP ( 'NONE', ( #1254, #24, #1032, #583 ) ) ;
#430 = ORIENTED_EDGE ( 'NONE', *, *, #1454, .T. ) ;
#431 = CARTESIAN_POINT ( 'NONE',  ( 0.000000000000000000, 50.00000000000000000, 0.000000000000000000 ) ) ;
#432 = CC_DESIGN_DATE_AND_TIME_ASSIGNMENT ( #1419, #417, ( #592 ) ) ;
#433 = AXIS2_PLACEMENT_3D ( 'NONE', #1318, #1495, #1774 ) ;
#434 = AXIS2_PLACEMENT_3D ( 'NONE', #1059, #1561, #701 ) ;
#435 = PERSON_AND_ORGANIZATION ( #323, #1977 ) ;
#436 = ADVANCED_FACE ( 'NONE', ( #413 ), #437, .F. ) ;
#437 = CYLINDRICAL_SURFACE ( 'NONE', #1262, 2.500000000000002220 ) ;
#438 = AXIS2_PLACEMENT_3D ( 'NONE', #421, #1257, #573 ) ;
#439 = DIRECTION ( 'NONE',  ( -0.000000000000000000, 1.000000000000000000, -0.000000000000000000 ) ) ;
#440 = PERSON_AND_ORGANIZATION_ROLE ( 'design_owner' ) ;
#441 = CARTESIAN_POINT ( 'NONE',  ( 0.000000000000000000, 5.000000000000004441, 0.000000000000000000 ) ) ;
#442 = ORIENTED_EDGE ( 'NONE', *, *, #1096, .T. ) ;
#443 = ORIENTED_EDGE ( 'NONE', *, *, #167, .T. ) ;
#444 = DIRECTION ( 'NONE',  ( -0.02493069173805870231, 0.000000000000000000, -0.9996891820008165785 ) ) ;
#445 = ORIENTED_EDGE ( 'NONE', *, *, #623, .T. ) ;
#446 = APPROVAL_STATUS ( 'not_yet_approved' ) ;
#447 = LINE ( 'NONE', #1807, #2067 ) ;
#448 = VECTOR ( 'NONE', #985, 1000.000000000000000 ) ;
#449 = CARTESIAN_POINT ( 'NONE',  ( 0.000000000000000000, 5.000000000000004441, 95.51671111996033403 ) ) ;
#450 = FACE_OUTER_BOUND ( 'NONE', #389, .T. ) ;
#451 = PERSON_AND_ORGANIZATION_ROLE ( 'creator' ) ;
#452 = DIRECTION ( 'NONE',  ( -0.000000000000000000, 1.000000000000000000, -0.000000000000000000 ) ) ;
#453 = VERTEX_POINT ( 'NONE', #1601 ) ;
#454 = EDGE_LOOP ( 'NONE', ( #1620, #466, #193, #1646 ) ) ;
#455 = CARTESIAN_POINT ( 'NONE',  ( -0.1246534586902909719, 50.00000000000000000, -4.998445910004082116 ) ) ;
#456 = AXIS2_PLACEMENT_3D ( 'NONE', #1870, #2046, #1207 ) ;
#457 = VERTEX_POINT ( 'NONE', #934 ) ;
#458 = DATE_TIME_ROLE ( 'creation_date' ) ;
#459 = DIRECTION ( 'NONE',  ( 0.000000000000000000, 0.000000000000000000, -1.000000000000000000 ) ) ;
#460 = CC_DESIGN_PERSON_AND_ORGANIZATION_ASSIGNMENT ( #412, #91, ( #680 ) ) ;
#461 = DIRECTION ( 'NONE',  ( -0.000000000000000000, -1.000000000000000000, -0.000000000000000000 ) ) ;
#462 = DIRECTION ( 'NONE',  ( -0.000000000000000000, -1.000000000000000000, -0.000000000000000000 ) ) ;
#463 = EDGE_CURVE ( 'NONE', #653, #593, #924, .T. ) ;
#464 = CYLINDRICAL_SURFACE ( 'NONE', #1947, 100.0000000000000000 ) ;
#465 = CIRCLE ( 'NONE', #1986, 2.500000000000000444 ) ;
#466 = ORIENTED_EDGE ( 'NONE', *, *, #1727, .T. ) ;
#467 = VERTEX_POINT ( 'NONE', #266 ) ;
#468 = EDGE_CURVE ( 'NONE', #1779, #470, #1050, .T. ) ;
#469 = PLANE ( 'NONE',  #2096 ) ;
#470 = VERTEX_POINT ( 'NONE', #59 ) ;
#471 = CIRCLE ( 'NONE', #754, 4.999999999999999112 ) ;
#472 = AXIS2_PLACEMENT_3D ( 'NONE', #37, #2044, #886 ) ;
#473 = DIRECTION ( 'NONE',  ( 0.000000000000000000, 0.000000000000000000, -1.000000000000000000 ) ) ;
#474 = DIRECTION ( 'NONE',  ( 0.000000000000000000, 1.000000000000000000, 0.000000000000000000 ) ) ;
#475 = EDGE_CURVE ( 'NONE', #636, #240, #404, .T. ) ;
#476 = CIRCLE ( 'NONE', #1997, 2.500000000000000444 ) ;
#477 = CARTESIAN_POINT ( 'NONE',  ( 0.000000000000000000, 5.000000000000004441, -95.51671111996033403 ) ) ;
#478 = ORIENTED_EDGE ( 'NONE', *, *, #968, .F. ) ;
#479 = APPLICATION_CONTEXT ( 'configuration controlled 3d designs of mechanical parts and assemblies' ) ;
#480 = EDGE_LOOP ( 'NONE', ( #1137, #1521, #1160, #145 ) ) ;
#481 = DIRECTION ( 'NONE',  ( 0.000000000000000000, 0.000000000000000000, 1.000000000000000000 ) ) ;
#482 = CARTESIAN_POINT ( 'NONE',  ( 2.281053286765788002, 5.000000000000004441, 4.449359044057356272 ) ) ;
#483 = VERTEX_POINT ( 'NONE', #1416 ) ;
#484 = CALENDAR_DATE ( 2026, 11, 5 ) ;
#485 = CIRCLE ( 'NONE', #2104, 2.499999999999999556 ) ;
#486 = CYLINDRICAL_SURFACE ( 'NONE', #1462, 2.500000000000000444 ) ;
#487 = CARTESIAN_POINT ( 'NONE',  ( -8.600146307148348157, 10.00000000000000000, 3.358387820446070648 ) ) ;
#488 = EDGE_CURVE ( 'NONE', #1879, #1834, #379, .T. ) ;
#489 = EDGE_CURVE ( 'NONE', #569, #483, #1752, .T. ) ;
#490 = CARTESIAN_POINT ( 'NONE',  ( 12.48096642864992312, 0.000000000000000000, 0.4532385943829264630 ) ) ;
#491 = EDGE_CURVE ( 'NONE', #1883, #1586, #485, .T. ) ;
#492 = ORIENTED_EDGE ( 'NONE', *, *, #297, .T. ) ;
#493 = EDGE_LOOP ( 'NONE', ( #44, #1860, #333, #1972 ) ) ;
#494 = LINE ( 'NONE', #308, #82 ) ;
#495 = CARTESIAN_POINT ( 'NONE',  ( 0.000000000000000000, 50.00000000000000000, 0.000000000000000000 ) ) ;
#496 = EDGE_LOOP ( 'NONE', ( #787, #1492, #2059, #823 ) ) ;
#497 = DIRECTION ( 'NONE',  ( -0.000000000000000000, 1.000000000000000000, -0.000000000000000000 ) ) ;
#498 = DIRECTION ( 'NONE',  ( -0.7818314824680310249, -0.000000000000000000, 0.6234898018587320401 ) ) ;
#499 = ORIENTED_EDGE ( 'NONE', *, *, #508, .F. ) ;
#500 = ORIENTED_EDGE ( 'NONE', *, *, #549, .F. ) ;
#501 = CARTESIAN_POINT ( 'NONE',  ( 0.000000000000000000, 5.000000000000004441, 0.000000000000000000 ) ) ;
#502 = LINE ( 'NONE', #1159, #707 ) ;
#503 = ORIENTED_EDGE ( 'NONE', *, *, #673, .T. ) ;
#504 = VERTEX_POINT ( 'NONE', #233 ) ;
#505 = APPROVAL_DATE_TIME ( #666, #830 ) ;
#506 = CARTESIAN_POINT ( 'NONE',  ( 2.169418695587764123, 5.000000000000004441, 4.504844339512109386 ) ) ;
#507 = CARTESIAN_POINT ( 'NONE',  ( 6.963364264060542652, 10.00000000000000000, -10.41065754692665557 ) ) ;
#508 = EDGE_CURVE ( 'NONE', #1971, #2018, #1898, .T. ) ;
#509 = EDGE_CURVE ( 'NONE', #2066, #2015, #1025, .T. ) ;
#510 = AXIS2_PLACEMENT_3D ( 'NONE', #341, #197, #1204 ) ;
#511 = ORIENTED_EDGE ( 'NONE', *, *, #742, .F. ) ;
#512 = DIRECTION ( 'NONE',  ( -0.000000000000000000, -1.000000000000000000, -0.000000000000000000 ) ) ;
#513 = ORIENTED_EDGE ( 'NONE', *, *, #1434, .F. ) ;
#514 = DATE_AND_TIME ( #1612, #1920 ) ;
#515 = ADVANCED_FACE ( 'NONE', ( #726 ), #1244, .T. ) ;
#516 = DIRECTION ( 'NONE',  ( -0.000000000000000000, -1.000000000000000000, -0.000000000000000000 ) ) ;
#517 = DIRECTION ( 'NONE',  ( 0.2225209339563050115, 0.000000000000000000, 0.9749279121818257288 ) ) ;
#518 = ORIENTED_EDGE ( 'NONE', *, *, #709, .T. ) ;
#519 = EDGE_CURVE ( 'NONE', #470, #2010, #393, .T. ) ;
#520 = CARTESIAN_POINT ( 'NONE',  ( -2.056435515653093127, 5.000000000000004441, 4.557529261558349809 ) ) ;
#521 = ORIENTED_EDGE ( 'NONE', *, *, #1728, .T. ) ;
#522 = VERTEX_POINT ( 'NONE', #1745 ) ;
#523 = DIRECTION ( 'NONE',  ( -0.6234898018587430313, 0.000000000000000000, 0.7818314824680222541 ) ) ;
#524 = AXIS2_PLACEMENT_3D ( 'NONE', #10, #2057, #365 ) ;
#525 = CYLINDRICAL_SURFACE ( 'NONE', #1605, 4.999999999999999112 ) ;
#526 = FACE_OUTER_BOUND ( 'NONE', #1087, .T. ) ;
#527 = APPROVAL ( #1577, 'UNSPECIFIED' ) ;
#528 = EDGE_LOOP ( 'NONE', ( #1929, #1122, #1045, #132 ) ) ;
#529 = FACE_OUTER_BOUND ( 'NONE', #1355, .T. ) ;
#530 = VERTEX_POINT ( 'NONE', #905 ) ;
#531 = ORIENTED_EDGE ( 'NONE', *, *, #390, .T. ) ;
#532 = DIRECTION ( 'NONE',  ( -0.000000000000000000, -1.000000000000000000, -0.000000000000000000 ) ) ;
#533 = AXIS2_PLACEMENT_3D ( 'NONE', #1420, #889, #2069 ) ;
#534 = DESIGN_CONTEXT ( 'detailed design', #1801, 'design' ) ;
#535 = CARTESIAN_POINT ( 'NONE',  ( 0.000000000000000000, 5.000000000000004441, 0.000000000000000000 ) ) ;
#536 = CARTESIAN_POINT ( 'NONE',  ( 0.000000000000000000, 50.00000000000000000, 0.000000000000000000 ) ) ;
#537 = ORIENTED_EDGE ( 'NONE', *, *, #509, .F. ) ;
#538 = CYLINDRICAL_SURFACE ( 'NONE', #1161, 95.51671111996033403 ) ;
#539 = ORIENTED_EDGE ( 'NONE', *, *, #1147, .F. ) ;
#540 = CARTESIAN_POINT ( 'NONE',  ( 0.000000000000000000, 50.00000000000000000, 0.000000000000000000 ) ) ;
#541 = CIRCLE ( 'NONE', #1923, 95.51671111996033403 ) ;
#542 = APPLICATION_CONTEXT ( 'configuration controlled 3d designs of mechanical parts and assemblies' ) ;
#543 = FACE_OUTER_BOUND ( 'NONE', #1299, .T. ) ;
#544 = PLANE ( 'NONE',  #14 ) ;
#545 = CLOSED_SHELL ( 'NONE', ( #858, #515, #982, #2, #860, #943, #2072 ) ) ;
#546 = EDGE_CURVE ( 'NONE', #841, #2037, #941, .T. ) ;
#547 = FACE_OUTER_BOUND ( 'NONE', #496, .T. ) ;
#548 = ORIENTED_EDGE ( 'NONE', *, *, #623, .F. ) ;
#549 = EDGE_CURVE ( 'NONE', #355, #1642, #1552, .T. ) ;
#550 = LINE ( 'NONE', #1055, #93 ) ;
#551 = AXIS2_PLACEMENT_3D ( 'NONE', #1354, #1901, #1531 ) ;
#552 = EDGE_LOOP ( 'NONE', ( #817, #1710, #1994, #978 ) ) ;
#553 = EDGE_CURVE ( 'NONE', #457, #1788, #759, .T. ) ;
#554 = LINE ( 'NONE', #2041, #717 ) ;
#555 = CARTESIAN_POINT ( 'NONE',  ( 3.830222215594895729, 50.00000000000000000, -3.213938048432689598 ) ) ;
#556 = CARTESIAN_POINT ( 'NONE',  ( 0.000000000000000000, 0.000000000000000000, 0.000000000000000000 ) ) ;
#557 = PRODUCT_DEFINITION_FORMATION_WITH_SPECIFIED_SOURCE ( 'ANY', '', #1010, .NOT_KNOWN. ) ;
#558 = CARTESIAN_POINT ( 'NONE',  ( -3.015961735643311936, 0.000000000000000000, -8.811626414829062170 ) ) ;
#559 = PERSON_AND_ORGANIZATION ( #323, #1977 ) ;
#560 = CARTESIAN_POINT ( 'NONE',  ( 0.000000000000000000, 5.000000000000004441, 0.000000000000000000 ) ) ;
#561 = ORIENTED_EDGE ( 'NONE', *, *, #912, .T. ) ;
#562 = DIRECTION ( 'NONE',  ( 0.9801724878485430503, 0.000000000000000000, 0.1981461431994014089 ) ) ;
#563 = CARTESIAN_POINT ( 'NONE',  ( 0.000000000000000000, 50.00000000000000000, 0.000000000000000000 ) ) ;
#564 = DIRECTION ( 'NONE',  ( 0.000000000000000000, 0.000000000000000000, -1.000000000000000000 ) ) ;
#565 = EDGE_CURVE ( 'NONE', #824, #230, #550, .T. ) ;
#566 = PERSON_AND_ORGANIZATION ( #323, #1977 ) ;
#567 = CARTESIAN_POINT ( 'NONE',  ( 12.48096642864992312, 0.000000000000000000, -2.046761405617074203 ) ) ;
#568 = EDGE_LOOP ( 'NONE', ( #2030, #1777, #109, #1501 ) ) ;
#569 = VERTEX_POINT ( 'NONE', #201 ) ;
#570 = VECTOR ( 'NONE', #196, 1000.000000000000000 ) ;
#571 = CARTESIAN_POINT ( 'NONE',  ( -2.381297680764934643, 50.00000000000000000, -95.48702280692144484 ) ) ;
#572 = CIRCLE ( 'NONE', #681, 95.51671111996033403 ) ;
#573 = DIRECTION ( 'NONE',  ( 0.000000000000000000, -0.000000000000000000, 1.000000000000000000 ) ) ;
#574 = AXIS2_PLACEMENT_3D ( 'NONE', #660, #1301, #481 ) ;
#575 = APPROVAL_DATE_TIME ( #242, #1221 ) ;
#576 = EDGE_CURVE ( 'NONE', #316, #1314, #378, .T. ) ;
#577 = DIRECTION ( 'NONE',  ( 0.000000000000000000, 1.000000000000000000, 0.000000000000000000 ) ) ;
#578 = CARTESIAN_POINT ( 'NONE',  ( 0.000000000000000000, 5.000000000000004441, 95.51671111996033403 ) ) ;
#579 = CALENDAR_DATE ( 2026, 11, 5 ) ;
#580 = DIRECTION ( 'NONE',  ( 0.000000000000000000, 1.000000000000000000, 0.000000000000000000 ) ) ;
#581 = ORIENTED_EDGE ( 'NONE', *, *, #692, .T. ) ;
#582 = ADVANCED_FACE ( 'NONE', ( #529 ), #538, .F. ) ;
#583 = ORIENTED_EDGE ( 'NONE', *, *, #553, .T. ) ;
#584 = AXIS2_PLACEMENT_3D ( 'NONE', #947, #1437, #1614 ) ;
#585 = DIRECTION ( 'NONE',  ( 0.000000000000000000, -1.000000000000000000, 0.000000000000000000 ) ) ;
#586 = PERSON_AND_ORGANIZATION ( #323, #1977 ) ;
#587 = DIRECTION ( 'NONE',  ( 0.4338837391175652813, -0.000000000000000000, -0.9009688679024157043 ) ) ;
#588 = DIRECTION ( 'NONE',  ( 0.000000000000000000, -0.000000000000000000, 1.000000000000000000 ) ) ;
#589 = CC_DESIGN_PERSON_AND_ORGANIZATION_ASSIGNMENT ( #61, #1764, ( #2094 ) ) ;
#590 = COORDINATED_UNIVERSAL_TIME_OFFSET ( 10, 0, .AHEAD. ) ;
#591 = LINE ( 'NONE', #428, #1865 ) ;
#592 = SECURITY_CLASSIFICATION ( '', '', #937 ) ;
#593 = VERTEX_POINT ( 'NONE', #878 ) ;
#594 = ORIENTED_EDGE ( 'NONE', *, *, #27, .T. ) ;
#595 = CARTESIAN_POINT ( 'NONE',  ( 0.000000000000000000, 0.000000000000000000, 11.00000000000000000 ) ) ;
#596 = PERSON_AND_ORGANIZATION ( #323, #1977 ) ;
#597 = CARTESIAN_POINT ( 'NONE',  ( 6.963364264060542652, 10.00000000000000000, -7.910657546926654682 ) ) ;
#598 = CARTESIAN_POINT ( 'NONE',  ( 93.62285236956211065, 50.00000000000000000, 18.92626791951151333 ) ) ;
#599 = CIRCLE ( 'NONE', #149, 5.000000000000000000 ) ;
#600 = PERSON_AND_ORGANIZATION_ROLE ( 'classification_officer' ) ;
#601 = CARTESIAN_POINT ( 'NONE',  ( 0.000000000000000000, 50.00000000000000000, 0.000000000000000000 ) ) ;
#602 = ORIENTED_EDGE ( 'NONE', *, *, #1303, .F. ) ;
#603 = ORIENTED_EDGE ( 'NONE', *, *, #1253, .T. ) ;
#604 = CARTESIAN_POINT ( 'NONE',  ( -9.942375551532062872, 10.00000000000000000, -4.071220075378209735 ) ) ;
#605 = VECTOR ( 'NONE', #96, 1000.000000000000114 ) ;
#606 = CIRCLE ( 'NONE', #117, 4.999999999999999112 ) ;
#607 = CC_DESIGN_APPROVAL ( #39, ( #1571 ) ) ;
#608 = PERSON_AND_ORGANIZATION ( #323, #1977 ) ;
#609 = CARTESIAN_POINT ( 'NONE',  ( 0.000000000000000000, 0.000000000000000000, 0.000000000000000000 ) ) ;
#610 = AXIS2_PLACEMENT_3D ( 'NONE', #604, #1433, #1758 ) ;
#611 = CARTESIAN_POINT ( 'NONE',  ( 0.000000000000000000, 0.000000000000000000, -100.0000000000000000 ) ) ;
#612 = APPROVAL_ROLE ( '' ) ;
#613 = LINE ( 'NONE', #1765, #2150 ) ;
#614 = ORIENTED_EDGE ( 'NONE', *, *, #1703, .T. ) ;
#615 = ORIENTED_EDGE ( 'NONE', *, *, #1375, .F. ) ;
#616 = DIRECTION ( 'NONE',  ( -0.000000000000000000, 1.000000000000000000, -0.000000000000000000 ) ) ;
#617 = EDGE_LOOP ( 'NONE', ( #156, #1985, #178, #836 ) ) ;
#618 = APPROVAL ( #269, 'UNSPECIFIED' ) ;
#619 = APPROVAL_ROLE ( '' ) ;
#620 = CARTESIAN_POINT ( 'NONE',  ( 0.000000000000000000, 50.00000000000000000, -95.00000000000000000 ) ) ;
#621 = CARTESIAN_POINT ( 'NONE',  ( 0.000000000000000000, 5.000000000000004441, 0.000000000000000000 ) ) ;
#622 = DIRECTION ( 'NONE',  ( 0.000000000000000000, 1.000000000000000000, 0.000000000000000000 ) ) ;
#623 = EDGE_CURVE ( 'NONE', #41, #824, #2180, .T. ) ;
#624 = DIRECTION ( 'NONE',  ( 0.000000000000000000, 0.000000000000000000, 1.000000000000000000 ) ) ;
#625 = AXIS2_PLACEMENT_3D ( 'NONE', #441, #1944, #259 ) ;
#626 = ORIENTED_EDGE ( 'NONE', *, *, #576, .F. ) ;
#627 = ORIENTED_EDGE ( 'NONE', *, *, #807, .F. ) ;
#628 = FACE_OUTER_BOUND ( 'NONE', #800, .T. ) ;
#629 = VECTOR ( 'NONE', #1858, 1000.000000000000000 ) ;
#630 = EDGE_LOOP ( 'NONE', ( #2048, #1000, #112, #1003 ) ) ;
#631 = CARTESIAN_POINT ( 'NONE',  ( 0.000000000000000000, 5.000000000000004441, 0.000000000000000000 ) ) ;
#632 = CARTESIAN_POINT ( 'NONE',  ( 0.000000000000000000, 50.00000000000000000, 0.000000000000000000 ) ) ;
#633 = FACE_OUTER_BOUND ( 'NONE', #1946, .T. ) ;
#634 = LINE ( 'NONE', #1143, #1840 ) ;
#635 = VECTOR ( 'NONE', #730, 1000.000000000000000 ) ;
#636 = VERTEX_POINT ( 'NONE', #1547 ) ;
#637 = ORIENTED_EDGE ( 'NONE', *, *, #1448, .T. ) ;
#638 = DIRECTION ( 'NONE',  ( 0.9801724878485430503, 0.000000000000000000, 0.1981461431994014366 ) ) ;
#639 = LINE ( 'NONE', #661, #38 ) ;
#640 = ORIENTED_EDGE ( 'NONE', *, *, #409, .T. ) ;
#641 = DATE_AND_TIME ( #484, #1681 ) ;
#642 = AXIS2_PLACEMENT_3D ( 'NONE', #1615, #257, #588 ) ;
#643 = EDGE_CURVE ( 'NONE', #1086, #2031, #1880, .T. ) ;
#644 = AXIS2_PLACEMENT_3D ( 'NONE', #1141, #1796, #1458 ) ;
#645 = ADVANCED_FACE ( 'NONE', ( #1566 ), #721, .F. ) ;
#646 = LINE ( 'NONE', #1694, #570 ) ;
#647 = LINE ( 'NONE', #821, #380 ) ;
#648 = CARTESIAN_POINT ( 'NONE',  ( 4.874639560909112213, 50.00000000000000000, 1.112604669781591227 ) ) ;
#649 = ORIENTED_EDGE ( 'NONE', *, *, #1603, .T. ) ;
#650 = EDGE_LOOP ( 'NONE', ( #1432, #1993 ) ) ;
#651 = DIRECTION ( 'NONE',  ( -0.6234898018587320401, 0.000000000000000000, -0.7818314824680310249 ) ) ;
#652 = DIRECTION ( 'NONE',  ( -0.02493069173805870578, 0.000000000000000000, -0.9996891820008166896 ) ) ;
#653 = VERTEX_POINT ( 'NONE', #1390 ) ;
#654 = VECTOR ( 'NONE', #2105, 1000.000000000000000 ) ;
#655 = CIRCLE ( 'NONE', #2182, 2.500000000000000444 ) ;
#656 = CARTESIAN_POINT ( 'NONE',  ( 73.17004577844642199, 5.000000000000004441, -61.39695842591885366 ) ) ;
#657 = CARTESIAN_POINT ( 'NONE',  ( 12.48096642864992312, 5.000000000000004441, -2.046761405617074203 ) ) ;
#658 = ORIENTED_EDGE ( 'NONE', *, *, #1988, .F. ) ;
#659 = ORIENTED_EDGE ( 'NONE', *, *, #1535, .F. ) ;
#660 = CARTESIAN_POINT ( 'NONE',  ( 0.000000000000000000, 50.00000000000000000, 0.000000000000000000 ) ) ;
#661 = CARTESIAN_POINT ( 'NONE',  ( -3.985662536114578103, 5.000000000000004441, -3.019022051627433090 ) ) ;
#662 = EDGE_LOOP ( 'NONE', ( #398, #804, #1165, #1825 ) ) ;
#663 = ADVANCED_FACE ( 'NONE', ( #1043, #695 ), #2058, .T. ) ;
#664 = EDGE_LOOP ( 'NONE', ( #649, #1468, #1802, #203 ) ) ;
#665 = APPROVAL_PERSON_ORGANIZATION ( #258, #1613, #1584 ) ;
#666 = DATE_AND_TIME ( #1852, #718 ) ;
#667 = PRODUCT_DEFINITION_SHAPE ( 'NONE', 'NONE',  #1934 ) ;
#668 = DIRECTION ( 'NONE',  ( 0.9749279121818257288, -0.000000000000000000, -0.2225209339563050115 ) ) ;
#669 = DIRECTION ( 'NONE',  ( 0.000000000000000000, 0.000000000000000000, -1.000000000000000000 ) ) ;
#670 = ORIENTED_EDGE ( 'NONE', *, *, #1529, .F. ) ;
#671 = DIRECTION ( 'NONE',  ( 1.000000000000000000, 0.000000000000000000, 0.000000000000000000 ) ) ;
#672 = CARTESIAN_POINT ( 'NONE',  ( -0.1246534586902929564, 50.00000000000000000, -4.998445910004083004 ) ) ;
#673 = EDGE_CURVE ( 'NONE', #593, #316, #1671, .T. ) ;
#674 = ORIENTED_EDGE ( 'NONE', *, *, #1669, .F. ) ;
#675 = CARTESIAN_POINT ( 'NONE',  ( 1.163414459189985643E-14, 50.00000000000000000, 95.00000000000000000 ) ) ;
#676 = LINE ( 'NONE', #1705, #1541 ) ;
#677 = CIRCLE ( 'NONE', #1500, 95.51671111996033403 ) ;
#678 = EDGE_CURVE ( 'NONE', #2101, #1180, #1894, .T. ) ;
#679 = VECTOR ( 'NONE', #1214, 1000.000000000000000 ) ;
#680 = SECURITY_CLASSIFICATION ( '', '', #1781 ) ;
#681 = AXIS2_PLACEMENT_3D ( 'NONE', #1195, #7, #875 ) ;
#682 = EDGE_LOOP ( 'NONE', ( #776, #1412, #1174, #249 ) ) ;
#683 = AXIS2_PLACEMENT_3D ( 'NONE', #595, #585, #1280 ) ;
#684 = PLANE ( 'NONE',  #1173 ) ;
#685 = VERTEX_POINT ( 'NONE', #1378 ) ;
#686 = ORIENTED_EDGE ( 'NONE', *, *, #1912, .T. ) ;
#687 = DIRECTION ( 'NONE',  ( 0.000000000000000000, 0.000000000000000000, -1.000000000000000000 ) ) ;
#688 = CC_DESIGN_PERSON_AND_ORGANIZATION_ASSIGNMENT ( #2128, #768, ( #400 ) ) ;
#689 = EDGE_CURVE ( 'NONE', #929, #1833, #1316, .T. ) ;
#690 = CARTESIAN_POINT ( 'NONE',  ( 1.224646799147353217E-14, -5.000000000000000000, 100.0000000000000000 ) ) ;
#691 = DIRECTION ( 'NONE',  ( 0.000000000000000000, -0.000000000000000000, 1.000000000000000000 ) ) ;
#692 = EDGE_CURVE ( 'NONE', #1833, #929, #150, .T. ) ;
#693 = EDGE_LOOP ( 'NONE', ( #952, #1200 ) ) ;
#694 =( NAMED_UNIT ( * ) SI_UNIT ( $, .STERADIAN. ) SOLID_ANGLE_UNIT ( ) );
#695 = FACE_OUTER_BOUND ( 'NONE', #696, .T. ) ;
#696 = EDGE_LOOP ( 'NONE', ( #1466, #2181, #2159, #1657, #352, #336 ) ) ;
#697 = ORIENTED_EDGE ( 'NONE', *, *, #1061, .T. ) ;
#698 = CARTESIAN_POINT ( 'NONE',  ( 3.909157412340154014, 50.00000000000000000, -3.117449009293660644 ) ) ;
#699 = VECTOR ( 'NONE', #1651, 1000.000000000000114 ) ;
#700 = EDGE_CURVE ( 'NONE', #1974, #355, #909, .T. ) ;
#701 = DIRECTION ( 'NONE',  ( 0.000000000000000000, 0.000000000000000000, -1.000000000000000000 ) ) ;
#702 = FACE_BOUND ( 'NONE', #1369, .T. ) ;
#703 = PLANE ( 'NONE',  #1892 ) ;
#704 = DIRECTION ( 'NONE',  ( -0.000000000000000000, 1.000000000000000000, -0.000000000000000000 ) ) ;
#705 = EDGE_LOOP ( 'NONE', ( #1516, #2162, #1608, #2100 ) ) ;
#706 = DIRECTION ( 'NONE',  ( 0.000000000000000000, 0.000000000000000000, -1.000000000000000000 ) ) ;
#707 = VECTOR ( 'NONE', #1491, 1000.000000000000000 ) ;
#708 = ADVANCED_FACE ( 'NONE', ( #1240 ), #1738, .F. ) ;
#709 = EDGE_CURVE ( 'NONE', #1851, #1701, #228, .T. ) ;
#710 = DIRECTION ( 'NONE',  ( 0.000000000000000000, 0.000000000000000000, -1.000000000000000000 ) ) ;
#711 = FACE_BOUND ( 'NONE', #775, .T. ) ;
#712 = ADVANCED_FACE ( 'NONE', ( #1411 ), #2078, .F. ) ;
#713 = AXIS2_PLACEMENT_3D ( 'NONE', #1563, #1889, #244 ) ;
#714 = CARTESIAN_POINT ( 'NONE',  ( -9.942375551532062872, 10.00000000000000000, -4.071220075378209735 ) ) ;
#715 = EDGE_LOOP ( 'NONE', ( #1374, #1465 ) ) ;
#716 = EDGE_CURVE ( 'NONE', #1586, #1883, #1706, .T. ) ;
#717 = VECTOR ( 'NONE', #1741, 1000.000000000000000 ) ;
#718 = LOCAL_TIME ( 15, 21, 43.00000000000000000, #1015 ) ;
#719 = PERSON ( 'NAUO-PER2', 'UNSPECIFIED', 'UNSPECIFIED', ('UNSPECIFIED'), ('UNSPECIFIED'), ('UNSPECIFIED') ) ;
#720 = DIRECTION ( 'NONE',  ( 0.000000000000000000, 0.000000000000000000, 1.000000000000000000 ) ) ;
#721 = CYLINDRICAL_SURFACE ( 'NONE', #1030, 95.51671111996033403 ) ;
#722 = ORIENTED_EDGE ( 'NONE', *, *, #1647, .T. ) ;
#723 = DIRECTION ( 'NONE',  ( 0.000000000000000000, 0.000000000000000000, 1.000000000000000000 ) ) ;
#724 = CIRCLE ( 'NONE', #932, 2.500000000000000444 ) ;
#725 = DIRECTION ( 'NONE',  ( -0.000000000000000000, -1.000000000000000000, -0.000000000000000000 ) ) ;
#726 = FACE_OUTER_BOUND ( 'NONE', #1206, .T. ) ;
#727 = DIRECTION ( 'NONE',  ( -0.8898718088114713209, 0.000000000000000000, 0.4562106573531578557 ) ) ;
#728 = ORIENTED_EDGE ( 'NONE', *, *, #1760, .T. ) ;
#729 = COORDINATED_UNIVERSAL_TIME_OFFSET ( 10, 0, .AHEAD. ) ;
#730 = DIRECTION ( 'NONE',  ( -0.000000000000000000, 1.000000000000000000, -0.000000000000000000 ) ) ;
#731 = AXIS2_PLACEMENT_3D ( 'NONE', #657, #474, #1673 ) ;
#732 = EDGE_LOOP ( 'NONE', ( #602, #1938 ) ) ;
#733 = CARTESIAN_POINT ( 'NONE',  ( -8.600146307148348157, 5.000000000000004441, 3.358387820446070648 ) ) ;
#734 = EDGE_CURVE ( 'NONE', #2004, #1009, #245, .T. ) ;
#735 = FACE_OUTER_BOUND ( 'NONE', #2125, .T. ) ;
#736 = AXIS2_PLACEMENT_3D ( 'NONE', #1400, #1736, #671 ) ;
#737 = DIRECTION ( 'NONE',  ( 0.000000000000000000, -1.000000000000000000, 0.000000000000000000 ) ) ;
#738 = COORDINATED_UNIVERSAL_TIME_OFFSET ( 10, 0, .AHEAD. ) ;
#739 = DIRECTION ( 'NONE',  ( -0.000000000000000000, -0.000000000000000000, 1.000000000000000000 ) ) ;
#740 = VERTEX_POINT ( 'NONE', #1936 ) ;
#741 = ORIENTED_EDGE ( 'NONE', *, *, #390, .F. ) ;
#742 = EDGE_CURVE ( 'NONE', #753, #287, #1626, .T. ) ;
#743 = DIRECTION ( 'NONE',  ( -1.000000000000000000, 0.000000000000000000, -0.000000000000000000 ) ) ;
#744 = APPLICATION_CONTEXT ( 'configuration controlled 3d designs of mechanical parts and assemblies' ) ;
#745 = APPROVAL_STATUS ( 'not_yet_approved' ) ;
#746 = AXIS2_PLACEMENT_3D ( 'NONE', #1252, #219, #1748 ) ;
#747 = CARTESIAN_POINT ( 'NONE',  ( -0.1246534586902929564, 5.000000000000004441, -4.998445910004083004 ) ) ;
#748 = EDGE_CURVE ( 'NONE', #2101, #902, #465, .T. ) ;
#749 = LINE ( 'NONE', #906, #789 ) ;
#750 = PERSON_AND_ORGANIZATION_ROLE ( 'design_owner' ) ;
#751 = CARTESIAN_POINT ( 'NONE',  ( 0.000000000000000000, 5.000000000000004441, 0.000000000000000000 ) ) ;
#752 = ORIENTED_EDGE ( 'NONE', *, *, #912, .F. ) ;
#753 = VERTEX_POINT ( 'NONE', #270 ) ;
#754 = AXIS2_PLACEMENT_3D ( 'NONE', #1704, #861, #1510 ) ;
#755 = CARTESIAN_POINT ( 'NONE',  ( -2.056435515653093127, 50.00000000000000000, 4.557529261558349809 ) ) ;
#756 = AXIS2_PLACEMENT_3D ( 'NONE', #501, #1176, #1688 ) ;
#757 = PERSON_AND_ORGANIZATION_ROLE ( 'classification_officer' ) ;
#758 = APPROVAL ( #446, 'UNSPECIFIED' ) ;
#759 = LINE ( 'NONE', #1725, #876 ) ;
#760 = DIRECTION ( 'NONE',  ( 0.000000000000000000, 0.000000000000000000, -1.000000000000000000 ) ) ;
#761 = PERSON_AND_ORGANIZATION ( #323, #1977 ) ;
#762 = CARTESIAN_POINT ( 'NONE',  ( 0.000000000000000000, 0.000000000000000000, 0.000000000000000000 ) ) ;
#763 = ORIENTED_EDGE ( 'NONE', *, *, #1089, .F. ) ;
#764 = ORIENTED_EDGE ( 'NONE', *, *, #716, .T. ) ;
#765 = VECTOR ( 'NONE', #1069, 1000.000000000000000 ) ;
#766 = CARTESIAN_POINT ( 'NONE',  ( -2.169418695587825852, 5.000000000000004441, 4.504844339512077411 ) ) ;
#767 = AXIS2_PLACEMENT_3D ( 'NONE', #1685, #329, #1650 ) ;
#768 = PERSON_AND_ORGANIZATION_ROLE ( 'design_supplier' ) ;
#769 = DIRECTION ( 'NONE',  ( -0.000000000000000000, -1.000000000000000000, -0.000000000000000000 ) ) ;
#770 = CIRCLE ( 'NONE', #100, 95.00000000000000000 ) ;
#771 = LINE ( 'NONE', #611, #154 ) ;
#772 = APPLICATION_CONTEXT ( 'configuration controlled 3d designs of mechanical parts and assemblies' ) ;
#773 = SHAPE_DEFINITION_REPRESENTATION ( #871, #376 ) ;
#774 = LINE ( 'NONE', #1286, #1269 ) ;
#775 = EDGE_LOOP ( 'NONE', ( #1749, #1279, #1675, #181 ) ) ;
#776 = ORIENTED_EDGE ( 'NONE', *, *, #734, .F. ) ;
#777 = DIRECTION ( 'NONE',  ( 0.000000000000000000, 0.000000000000000000, 1.000000000000000000 ) ) ;
#778 = DATE_AND_TIME ( #2103, #1249 ) ;
#779 = DIRECTION ( 'NONE',  ( -0.2467573976902841804, 0.000000000000000000, -0.9690772862290804035 ) ) ;
#780 = EDGE_CURVE ( 'NONE', #569, #1196, #71, .T. ) ;
#781 = LINE ( 'NONE', #1966, #221 ) ;
#782 = AXIS2_PLACEMENT_3D ( 'NONE', #2038, #512, #1996 ) ;
#783 = COORDINATED_UNIVERSAL_TIME_OFFSET ( 10, 0, .AHEAD. ) ;
#784 = FACE_OUTER_BOUND ( 'NONE', #1787, .T. ) ;
#785 = VERTEX_POINT ( 'NONE', #1109 ) ;
#786 = CC_DESIGN_PERSON_AND_ORGANIZATION_ASSIGNMENT ( #1131, #2134, ( #557 ) ) ;
#787 = ORIENTED_EDGE ( 'NONE', *, *, #21, .T. ) ;
#788 = FACE_OUTER_BOUND ( 'NONE', #262, .T. ) ;
#789 = VECTOR ( 'NONE', #1071, 1000.000000000000000 ) ;
#790 = EDGE_LOOP ( 'NONE', ( #408, #594, #531, #581 ) ) ;
#791 = VECTOR ( 'NONE', #1381, 1000.000000000000000 ) ;
#792 = APPROVAL_PERSON_ORGANIZATION ( #850, #39, #1352 ) ;
#793 = VECTOR ( 'NONE', #587, 1000.000000000000114 ) ;
#794 = APPROVAL_ROLE ( '' ) ;
#795 = EDGE_CURVE ( 'NONE', #1851, #1498, #613, .T. ) ;
#796 = CARTESIAN_POINT ( 'NONE',  ( 0.000000000000000000, 5.000000000000004441, 0.000000000000000000 ) ) ;
#797 = DIRECTION ( 'NONE',  ( -0.000000000000000000, -1.000000000000000000, -0.000000000000000000 ) ) ;
#798 = DIRECTION ( 'NONE',  ( 0.000000000000000000, -0.000000000000000000, 1.000000000000000000 ) ) ;
#799 = CARTESIAN_POINT ( 'NONE',  ( 0.000000000000000000, 0.000000000000000000, 0.000000000000000000 ) ) ;
#800 = EDGE_LOOP ( 'NONE', ( #1300, #1333, #857, #310 ) ) ;
#801 = EDGE_LOOP ( 'NONE', ( #1686, #260, #1323, #1707 ) ) ;
#802 = CC_DESIGN_DATE_AND_TIME_ASSIGNMENT ( #641, #819, ( #1150 ) ) ;
#803 = PLANE ( 'NONE',  #2064 ) ;
#804 = ORIENTED_EDGE ( 'NONE', *, *, #229, .F. ) ;
#805 = CALENDAR_DATE ( 2026, 11, 5 ) ;
#806 = DIRECTION ( 'NONE',  ( 0.000000000000000000, 1.000000000000000000, 0.000000000000000000 ) ) ;
#807 = EDGE_CURVE ( 'NONE', #172, #636, #1587, .T. ) ;
#808 = CARTESIAN_POINT ( 'NONE',  ( 0.000000000000000000, 50.00000000000000000, 0.000000000000000000 ) ) ;
#809 = CARTESIAN_POINT ( 'NONE',  ( 9.381977789616371410, 10.00000000000000000, 9.981877622304784481 ) ) ;
#810 = CYLINDRICAL_SURFACE ( 'NONE', #1091, 2.500000000000000444 ) ;
#811 = CIRCLE ( 'NONE', #415, 100.0000000000000000 ) ;
#812 = ORIENTED_EDGE ( 'NONE', *, *, #1342, .F. ) ;
#813 = VERTEX_POINT ( 'NONE', #2099 ) ;
#814 = DIRECTION ( 'NONE',  ( -0.000000000000000000, 1.000000000000000000, -0.000000000000000000 ) ) ;
#815 = DIRECTION ( 'NONE',  ( 0.4562106573531578002, 0.000000000000000000, 0.8898718088114713209 ) ) ;
#816 = LOCAL_TIME ( 15, 21, 43.00000000000000000, #783 ) ;
#817 = ORIENTED_EDGE ( 'NONE', *, *, #1485, .T. ) ;
#818 = EDGE_CURVE ( 'NONE', #1525, #342, #811, .T. ) ;
#819 = DATE_TIME_ROLE ( 'classification_date' ) ;
#820 = DIRECTION ( 'NONE',  ( 0.000000000000000000, 0.000000000000000000, 1.000000000000000000 ) ) ;
#821 = CARTESIAN_POINT ( 'NONE',  ( 9.381977789616371410, 10.00000000000000000, 4.981877622304785369 ) ) ;
#822 = DIRECTION ( 'NONE',  ( 0.000000000000000000, 0.000000000000000000, -1.000000000000000000 ) ) ;
#823 = ORIENTED_EDGE ( 'NONE', *, *, #519, .T. ) ;
#824 = VERTEX_POINT ( 'NONE', #1430 ) ;
#825 = FACE_OUTER_BOUND ( 'NONE', #664, .T. ) ;
#826 = CYLINDRICAL_SURFACE ( 'NONE', #9, 100.0000000000000000 ) ;
#827 = EDGE_LOOP ( 'NONE', ( #375, #1421, #1175, #1959 ) ) ;
#828 = ITEM_DEFINED_TRANSFORMATION ( 'NONE', 'NONE', #524,  #456 ) ;
#829 = CIRCLE ( 'NONE', #363, 95.51671111996033403 ) ;
#830 = APPROVAL ( #1839, 'UNKNOWN' ) ;
#831 = PRODUCT_RELATED_PRODUCT_CATEGORY ( 'detail', '', ( #1854 ) ) ;
#832 = DIRECTION ( 'NONE',  ( -0.000000000000000000, 1.000000000000000000, -0.000000000000000000 ) ) ;
#833 = LINE ( 'NONE', #487, #1407 ) ;
#834 = AXIS2_PLACEMENT_3D ( 'NONE', #2102, #2127, #1751 ) ;
#835 = CARTESIAN_POINT ( 'NONE',  ( 9.381977789616371410, 0.000000000000000000, 9.981877622304784481 ) ) ;
#836 = ORIENTED_EDGE ( 'NONE', *, *, #1078, .T. ) ;
#837 = EDGE_CURVE ( 'NONE', #1504, #126, #1939, .T. ) ;
#838 = ORIENTED_EDGE ( 'NONE', *, *, #1509, .F. ) ;
#839 = FACE_OUTER_BOUND ( 'NONE', #136, .T. ) ;
#840 = DIRECTION ( 'NONE',  ( 0.000000000000000000, 0.000000000000000000, -1.000000000000000000 ) ) ;
#841 = VERTEX_POINT ( 'NONE', #1450 ) ;
#842 = CIRCLE ( 'NONE', #551, 2.500000000000000444 ) ;
#843 = DIRECTION ( 'NONE',  ( -0.000000000000000000, -1.000000000000000000, -0.000000000000000000 ) ) ;
#844 = CARTESIAN_POINT ( 'NONE',  ( -2.169418695587825852, 50.00000000000000000, 4.504844339512077411 ) ) ;
#845 = ORIENTED_EDGE ( 'NONE', *, *, #1068, .T. ) ;
#846 = DIRECTION ( 'NONE',  ( 0.000000000000000000, -1.000000000000000000, 0.000000000000000000 ) ) ;
#847 = LINE ( 'NONE', #520, #324 ) ;
#848 = ORIENTED_EDGE ( 'NONE', *, *, #903, .F. ) ;
#849 = ORIENTED_EDGE ( 'NONE', *, *, #1750, .F. ) ;
#850 = PERSON_AND_ORGANIZATION ( #215, #1361 ) ;
#851 = DIRECTION ( 'NONE',  ( -0.9749279121818227312, -0.000000000000000000, -0.2225209339563182231 ) ) ;
#852 = CARTESIAN_POINT ( 'NONE',  ( -4.845386431145401573, 50.00000000000000000, 1.233786988451420097 ) ) ;
#853 = ORIENTED_EDGE ( 'NONE', *, *, #881, .T. ) ;
#854 = FACE_BOUND ( 'NONE', #1478, .T. ) ;
#855 = CC_DESIGN_PERSON_AND_ORGANIZATION_ASSIGNMENT ( #596, #79, ( #400 ) ) ;
#856 = ORIENTED_EDGE ( 'NONE', *, *, #780, .T. ) ;
#857 = ORIENTED_EDGE ( 'NONE', *, *, #946, .F. ) ;
#858 = ADVANCED_FACE ( 'NONE', ( #1310 ), #1980, .F. ) ;
#859 = FACE_OUTER_BOUND ( 'NONE', #662, .T. ) ;
#860 = ADVANCED_FACE ( 'NONE', ( #784 ), #928, .F. ) ;
#861 = DIRECTION ( 'NONE',  ( -0.000000000000000000, -1.000000000000000000, -0.000000000000000000 ) ) ;
#862 = LINE ( 'NONE', #1543, #1464 ) ;
#863 = VECTOR ( 'NONE', #2012, 1000.000000000000000 ) ;
#864 = LOCAL_TIME ( 15, 21, 43.00000000000000000, #67 ) ;
#865 = ORIENTED_EDGE ( 'NONE', *, *, #409, .F. ) ;
#866 = AXIS2_PLACEMENT_3D ( 'NONE', #64, #743, #1313 ) ;
#867 = CARTESIAN_POINT ( 'NONE',  ( 0.000000000000000000, 5.000000000000004441, 0.000000000000000000 ) ) ;
#868 = ORIENTED_EDGE ( 'NONE', *, *, #327, .T. ) ;
#869 = EDGE_CURVE ( 'NONE', #785, #1627, #1957, .T. ) ;
#870 = ORIENTED_EDGE ( 'NONE', *, *, #162, .F. ) ;
#871 = PRODUCT_DEFINITION_SHAPE ( 'NONE', 'NONE',  #2094 ) ;
#872 = DIRECTION ( 'NONE',  ( 0.000000000000000000, 0.000000000000000000, 1.000000000000000000 ) ) ;
#873 = UNCERTAINTY_MEASURE_WITH_UNIT (LENGTH_MEASURE( 1.000000000000000082E-05 ), #200, 'distance_accuracy_value', 'NONE');
#874 = CARTESIAN_POINT ( 'NONE',  ( 12.48096642864992312, 10.00000000000000000, -2.046761405617074203 ) ) ;
#875 = DIRECTION ( 'NONE',  ( 0.000000000000000000, 0.000000000000000000, 1.000000000000000000 ) ) ;
#876 = VECTOR ( 'NONE', #396, 1000.000000000000000 ) ;
#877 = EDGE_LOOP ( 'NONE', ( #2158, #1595, #615, #419 ) ) ;
#878 = CARTESIAN_POINT ( 'NONE',  ( -2.381297680764934643, 5.000000000000004441, -95.48702280692144484 ) ) ;
#879 = ORIENTED_EDGE ( 'NONE', *, *, #2084, .F. ) ;
#880 = EDGE_CURVE ( 'NONE', #530, #1961, #591, .T. ) ;
#881 = EDGE_CURVE ( 'NONE', #1805, #1974, #2135, .T. ) ;
#882 = DIRECTION ( 'NONE',  ( -0.000000000000000000, -1.000000000000000000, -0.000000000000000000 ) ) ;
#883 = ADVANCED_FACE ( 'NONE', ( #1970, #1084 ), #1799, .T. ) ;
#884 = LOCAL_TIME ( 15, 21, 43.00000000000000000, #729 ) ;
#885 = DIRECTION ( 'NONE',  ( -0.000000000000000000, 1.000000000000000000, -0.000000000000000000 ) ) ;
#886 = DIRECTION ( 'NONE',  ( 0.000000000000000000, 0.000000000000000000, 1.000000000000000000 ) ) ;
#887 = DIRECTION ( 'NONE',  ( 0.000000000000000000, 0.000000000000000000, -1.000000000000000000 ) ) ;
#888 = DIRECTION ( 'NONE',  ( 0.000000000000000000, -1.000000000000000000, -0.000000000000000000 ) ) ;
#889 = DIRECTION ( 'NONE',  ( 0.000000000000000000, -1.000000000000000000, 0.000000000000000000 ) ) ;
#890 = VERTEX_POINT ( 'NONE', #282 ) ;
#891 = CARTESIAN_POINT ( 'NONE',  ( -4.845386431145401573, 5.000000000000004441, 1.233786988451420097 ) ) ;
#892 = AXIS2_PLACEMENT_3D ( 'NONE', #2027, #1, #840 ) ;
#893 = LINE ( 'NONE', #1383, #366 ) ;
#894 = DIRECTION ( 'NONE',  ( 0.9749279121818257288, 0.000000000000000000, -0.2225209339563050115 ) ) ;
#895 = VECTOR ( 'NONE', #1624, 1000.000000000000000 ) ;
#896 = CARTESIAN_POINT ( 'NONE',  ( 4.900862439242715141, 5.000000000000004441, 0.9907307159970060173 ) ) ;
#897 = EDGE_LOOP ( 'NONE', ( #1579, #1664, #2080, #1628 ) ) ;
#898 = AXIS2_PLACEMENT_3D ( 'NONE', #874, #516, #1194 ) ;
#899 = APPROVAL_PERSON_ORGANIZATION ( #608, #1414, #619 ) ;
#900 = CARTESIAN_POINT ( 'NONE',  ( 3.830222215594895729, 5.000000000000004441, -3.213938048432689598 ) ) ;
#901 = EDGE_CURVE ( 'NONE', #1677, #1982, #774, .T. ) ;
#902 = VERTEX_POINT ( 'NONE', #1120 ) ;
#903 = EDGE_CURVE ( 'NONE', #963, #740, #1306, .T. ) ;
#904 = DIRECTION ( 'NONE',  ( 0.7818314824680221431, -0.000000000000000000, 0.6234898018587430313 ) ) ;
#905 = CARTESIAN_POINT ( 'NONE',  ( 41.44314776893949670, 50.00000000000000000, 86.05758308351332175 ) ) ;
#906 = CARTESIAN_POINT ( 'NONE',  ( 0.000000000000000000, 50.00000000000000000, -5.000000000000000000 ) ) ;
#907 = ADVANCED_FACE ( 'NONE', ( #1331 ), #810, .F. ) ;
#908 = COORDINATED_UNIVERSAL_TIME_OFFSET ( 10, 0, .AHEAD. ) ;
#909 = LINE ( 'NONE', #56, #1877 ) ;
#910 = ORIENTED_EDGE ( 'NONE', *, *, #948, .T. ) ;
#911 = FACE_OUTER_BOUND ( 'NONE', #1166, .T. ) ;
#912 = EDGE_CURVE ( 'NONE', #2031, #2191, #304, .T. ) ;
#913 = APPROVAL_DATE_TIME ( #1138, #138 ) ;
#914 = AXIS2_PLACEMENT_3D ( 'NONE', #601, #1264, #248 ) ;
#915 = CARTESIAN_POINT ( 'NONE',  ( 0.000000000000000000, 5.000000000000004441, 0.000000000000000000 ) ) ;
#916 = LOCAL_TIME ( 15, 21, 43.00000000000000000, #738 ) ;
#917 = CARTESIAN_POINT ( 'NONE',  ( 6.963364264060542652, 5.000000000000004441, -10.41065754692665557 ) ) ;
#918 = PERSON_AND_ORGANIZATION ( #323, #1977 ) ;
#919 = DIRECTION ( 'NONE',  ( 0.000000000000000000, 1.000000000000000000, 0.000000000000000000 ) ) ;
#920 = ORIENTED_EDGE ( 'NONE', *, *, #1023, .F. ) ;
#921 = ORIENTED_EDGE ( 'NONE', *, *, #2142, .F. ) ;
#922 = DIRECTION ( 'NONE',  ( 0.000000000000000000, 0.000000000000000000, -1.000000000000000000 ) ) ;
#923 = CC_DESIGN_DATE_AND_TIME_ASSIGNMENT ( #227, #106, ( #1934 ) ) ;
#924 = LINE ( 'NONE', #747, #265 ) ;
#925 = CARTESIAN_POINT ( 'NONE',  ( -8.600146307148348157, 10.00000000000000000, 8.358387820446070648 ) ) ;
#926 = AXIS2_PLACEMENT_3D ( 'NONE', #1911, #1408, #385 ) ;
#927 = COORDINATED_UNIVERSAL_TIME_OFFSET ( 10, 0, .AHEAD. ) ;
#928 = PLANE ( 'NONE',  #987 ) ;
#929 = VERTEX_POINT ( 'NONE', #490 ) ;
#930 = ORIENTED_EDGE ( 'NONE', *, *, #780, .F. ) ;
#931 = DIRECTION ( 'NONE',  ( -0.000000000000000000, 1.000000000000000000, -0.000000000000000000 ) ) ;
#932 = AXIS2_PLACEMENT_3D ( 'NONE', #1948, #1930, #922 ) ;
#933 = CALENDAR_DATE ( 2026, 11, 5 ) ;
#934 = CARTESIAN_POINT ( 'NONE',  ( -2.056435515653094903, 5.000000000000004441, 4.557529261558349809 ) ) ;
#935 = AXIS2_PLACEMENT_3D ( 'NONE', #796, #1648, #2129 ) ;
#936 = CARTESIAN_POINT ( 'NONE',  ( 0.000000000000000000, 5.000000000000004441, 0.000000000000000000 ) ) ;
#937 = SECURITY_CLASSIFICATION_LEVEL ( 'unclassified' ) ;
#938 = DIRECTION ( 'NONE',  ( 0.000000000000000000, 0.000000000000000000, 1.000000000000000000 ) ) ;
#939 = ORIENTED_EDGE ( 'NONE', *, *, #397, .F. ) ;
#940 = ORIENTED_EDGE ( 'NONE', *, *, #1309, .T. ) ;
#941 = CIRCLE ( 'NONE', #1227, 95.51671111996031982 ) ;
#942 = CARTESIAN_POINT ( 'NONE',  ( -0.1246534586902929564, 5.000000000000004441, -4.998445910004083004 ) ) ;
#943 = ADVANCED_FACE ( 'NONE', ( #1663 ), #143, .F. ) ;
#944 = EDGE_CURVE ( 'NONE', #685, #1180, #137, .T. ) ;
#945 = COORDINATED_UNIVERSAL_TIME_OFFSET ( 10, 0, .AHEAD. ) ;
#946 = EDGE_CURVE ( 'NONE', #1040, #41, #1992, .T. ) ;
#947 = CARTESIAN_POINT ( 'NONE',  ( 0.000000000000000000, 5.000000000000004441, 0.000000000000000000 ) ) ;
#948 = EDGE_CURVE ( 'NONE', #1210, #386, #634, .T. ) ;
#949 = LINE ( 'NONE', #1307, #895 ) ;
#950 = SECURITY_CLASSIFICATION_LEVEL ( 'unclassified' ) ;
#951 = DIRECTION ( 'NONE',  ( 0.000000000000000000, 0.000000000000000000, 1.000000000000000000 ) ) ;
#952 = ORIENTED_EDGE ( 'NONE', *, *, #1878, .F. ) ;
#953 = ORIENTED_EDGE ( 'NONE', *, *, #475, .T. ) ;
#954 = CARTESIAN_POINT ( 'NONE',  ( 2.281053286765787558, 50.00000000000000000, 4.449359044057355383 ) ) ;
#955 = ORIENTED_EDGE ( 'NONE', *, *, #1509, .T. ) ;
#956 = APPROVAL_DATE_TIME ( #1445, #758 ) ;
#957 = CARTESIAN_POINT ( 'NONE',  ( -3.985662536114578103, 50.00000000000000000, -3.019022051627433090 ) ) ;
#958 = DIRECTION ( 'NONE',  ( -0.9690772862290802925, 0.000000000000000000, 0.2467573976902841526 ) ) ;
#959 = PLANE ( 'NONE',  #1517 ) ;
#960 = CC_DESIGN_PERSON_AND_ORGANIZATION_ASSIGNMENT ( #1170, #1693, ( #1150 ) ) ;
#961 = PERSON_AND_ORGANIZATION ( #323, #1977 ) ;
#962 = DIRECTION ( 'NONE',  ( -0.000000000000000000, 1.000000000000000000, -0.000000000000000000 ) ) ;
#963 = VERTEX_POINT ( 'NONE', #835 ) ;
#964 = VERTEX_POINT ( 'NONE', #648 ) ;
#965 = DIRECTION ( 'NONE',  ( 0.000000000000000000, 0.000000000000000000, -1.000000000000000000 ) ) ;
#966 = AXIS2_PLACEMENT_3D ( 'NONE', #1119, #302, #473 ) ;
#967 = EDGE_LOOP ( 'NONE', ( #697, #539, #1288, #1556 ) ) ;
#968 = EDGE_CURVE ( 'NONE', #1086, #2056, #2157, .T. ) ;
#969 = CIRCLE ( 'NONE', #2092, 95.51671111996033403 ) ;
#970 = CC_DESIGN_APPROVAL ( #138, ( #400 ) ) ;
#971 = AXIS2_PLACEMENT_3D ( 'NONE', #361, #1017, #1695 ) ;
#972 = DIRECTION ( 'NONE',  ( -0.000000000000000000, 1.000000000000000000, -0.000000000000000000 ) ) ;
#973 = VECTOR ( 'NONE', #616, 1000.000000000000000 ) ;
#974 = DIRECTION ( 'NONE',  ( 0.000000000000000000, 0.000000000000000000, 1.000000000000000000 ) ) ;
#975 = CARTESIAN_POINT ( 'NONE',  ( 74.67797185538925930, 50.00000000000000000, -59.55369529038181753 ) ) ;
#976 = DIRECTION ( 'NONE',  ( 0.000000000000000000, -1.000000000000000000, 0.000000000000000000 ) ) ;
#977 = EDGE_CURVE ( 'NONE', #1179, #1489, #599, .T. ) ;
#978 = ORIENTED_EDGE ( 'NONE', *, *, #2081, .T. ) ;
#979 = EDGE_LOOP ( 'NONE', ( #1350, #603, #1391, #1148 ) ) ;
#980 = CARTESIAN_POINT ( 'NONE',  ( 0.000000000000000000, 50.00000000000000000, -95.51671111996033403 ) ) ;
#981 = ORIENTED_EDGE ( 'NONE', *, *, #2123, .T. ) ;
#982 = ADVANCED_FACE ( 'NONE', ( #1154 ), #464, .T. ) ;
#983 = ADVANCED_BREP_SHAPE_REPRESENTATION ( '', ( #1041, #456 ), #2113 ) ;
#984 = FACE_OUTER_BOUND ( 'NONE', #1368, .T. ) ;
#985 = DIRECTION ( 'NONE',  ( -0.000000000000000000, 1.000000000000000000, -0.000000000000000000 ) ) ;
#986 = DIRECTION ( 'NONE',  ( -0.000000000000000000, -1.000000000000000000, -0.000000000000000000 ) ) ;
#987 = AXIS2_PLACEMENT_3D ( 'NONE', #799, #1461, #85 ) ;
#988 = EDGE_LOOP ( 'NONE', ( #300, #1652, #87, #1697 ) ) ;
#989 = ORIENTED_EDGE ( 'NONE', *, *, #1110, .T. ) ;
#990 = DIRECTION ( 'NONE',  ( -0.000000000000000000, -1.000000000000000000, -0.000000000000000000 ) ) ;
#991 = DIRECTION ( 'NONE',  ( -0.000000000000000000, -1.000000000000000000, -0.000000000000000000 ) ) ;
#992 = APPROVAL_PERSON_ORGANIZATION ( #2098, #527, #406 ) ;
#993 = ORIENTED_EDGE ( 'NONE', *, *, #1507, .T. ) ;
#994 = APPROVAL ( #84, 'UNSPECIFIED' ) ;
#995 = DIRECTION ( 'NONE',  ( 0.000000000000000000, 0.000000000000000000, -1.000000000000000000 ) ) ;
#996 = CARTESIAN_POINT ( 'NONE',  ( 1.224646799147353217E-14, 50.00000000000000000, 100.0000000000000000 ) ) ;
#997 = DIRECTION ( 'NONE',  ( -0.000000000000000000, 1.000000000000000000, -0.000000000000000000 ) ) ;
#998 = VECTOR ( 'NONE', #815, 1000.000000000000114 ) ;
#999 = ORIENTED_EDGE ( 'NONE', *, *, #1245, .T. ) ;
#1000 = ORIENTED_EDGE ( 'NONE', *, *, #748, .T. ) ;
#1001 = PLANE ( 'NONE',  #1508 ) ;
#1002 = CARTESIAN_POINT ( 'NONE',  ( 93.12190775065721482, 50.00000000000000000, 21.25446776684941952 ) ) ;
#1003 = ORIENTED_EDGE ( 'NONE', *, *, #944, .T. ) ;
#1004 = AXIS2_PLACEMENT_3D ( 'NONE', #204, #26, #706 ) ;
#1005 = LOCAL_TIME ( 15, 21, 43.00000000000000000, #1424 ) ;
#1006 = FACE_OUTER_BOUND ( 'NONE', #1558, .T. ) ;
#1007 = CARTESIAN_POINT ( 'NONE',  ( -76.13947541674090758, 5.000000000000004441, -57.67341143401748127 ) ) ;
#1008 = CIRCLE ( 'NONE', #2173, 95.00000000000000000 ) ;
#1009 = VERTEX_POINT ( 'NONE', #1002 ) ;
#1010 = PRODUCT ( 'top_2', 'top_2', '', ( #2121 ) ) ;
#1011 = CARTESIAN_POINT ( 'NONE',  ( -4.874639560909129088, 5.000000000000004441, 1.112604669781525280 ) ) ;
#1012 = LINE ( 'NONE', #1534, #216 ) ;
#1013 = ORIENTED_EDGE ( 'NONE', *, *, #565, .F. ) ;
#1014 = ORIENTED_EDGE ( 'NONE', *, *, #1485, .F. ) ;
#1015 = COORDINATED_UNIVERSAL_TIME_OFFSET ( 10, 0, .AHEAD. ) ;
#1016 = CYLINDRICAL_SURFACE ( 'NONE', #1539, 95.51671111996031982 ) ;
#1017 = DIRECTION ( 'NONE',  ( 0.000000000000000000, 1.000000000000000000, 0.000000000000000000 ) ) ;
#1018 = CC_DESIGN_DATE_AND_TIME_ASSIGNMENT ( #114, #458, ( #205 ) ) ;
#1019 = ORIENTED_EDGE ( 'NONE', *, *, #1245, .F. ) ;
#1020 = CARTESIAN_POINT ( 'NONE',  ( 0.000000000000000000, 5.000000000000004441, 0.000000000000000000 ) ) ;
#1021 = FACE_BOUND ( 'NONE', #1029, .T. ) ;
#1022 = EDGE_LOOP ( 'NONE', ( #2049, #1881 ) ) ;
#1023 = EDGE_CURVE ( 'NONE', #161, #123, #1565, .T. ) ;
#1024 = ORIENTED_EDGE ( 'NONE', *, *, #1272, .T. ) ;
#1025 = CIRCLE ( 'NONE', #238, 5.000000000000000000 ) ;
#1026 = DIRECTION ( 'NONE',  ( 0.000000000000000000, 0.000000000000000000, 1.000000000000000000 ) ) ;
#1027 = LINE ( 'NONE', #2165, #1679 ) ;
#1028 = FACE_OUTER_BOUND ( 'NONE', #1098, .T. ) ;
#1029 = EDGE_LOOP ( 'NONE', ( #1890, #1814 ) ) ;
#1030 = AXIS2_PLACEMENT_3D ( 'NONE', #560, #704, #1401 ) ;
#1031 = FACE_BOUND ( 'NONE', #1135, .T. ) ;
#1032 = ORIENTED_EDGE ( 'NONE', *, *, #1039, .F. ) ;
#1033 = ORIENTED_EDGE ( 'NONE', *, *, #1481, .F. ) ;
#1034 = CARTESIAN_POINT ( 'NONE',  ( 0.000000000000000000, 50.00000000000000000, 0.000000000000000000 ) ) ;
#1035 = CIRCLE ( 'NONE', #1773, 4.999999999999999112 ) ;
#1036 = CARTESIAN_POINT ( 'NONE',  ( 0.000000000000000000, 5.000000000000004441, 0.000000000000000000 ) ) ;
#1037 = CARTESIAN_POINT ( 'NONE',  ( -9.942375551532062872, 0.000000000000000000, -1.571220075378209735 ) ) ;
#1038 = VECTOR ( 'NONE', #958, 1000.000000000000114 ) ;
#1039 = EDGE_CURVE ( 'NONE', #457, #1677, #847, .T. ) ;
#1040 = VERTEX_POINT ( 'NONE', #1325 ) ;
#1041 = MANIFOLD_SOLID_BREP ( 'Revolve-Thin1', #545 ) ;
#1042 = VECTOR ( 'NONE', #1444, 1000.000000000000114 ) ;
#1043 = FACE_BOUND ( 'NONE', #693, .T. ) ;
#1044 = EDGE_CURVE ( 'NONE', #453, #1850, #425, .T. ) ;
#1045 = ORIENTED_EDGE ( 'NONE', *, *, #1576, .F. ) ;
#1046 = EDGE_LOOP ( 'NONE', ( #317, #1321, #345, #1532 ) ) ;
#1047 = CARTESIAN_POINT ( 'NONE',  ( 0.000000000000000000, 5.000000000000004441, 0.000000000000000000 ) ) ;
#1048 = DIRECTION ( 'NONE',  ( 0.000000000000000000, 1.000000000000000000, 0.000000000000000000 ) ) ;
#1049 = DIRECTION ( 'NONE',  ( -0.000000000000000000, -1.000000000000000000, -0.000000000000000000 ) ) ;
#1050 = CIRCLE ( 'NONE', #584, 4.999999999999999112 ) ;
#1051 = CIRCLE ( 'NONE', #95, 5.000000000000000000 ) ;
#1052 = FACE_OUTER_BOUND ( 'NONE', #1999, .T. ) ;
#1053 = VERTEX_POINT ( 'NONE', #1348 ) ;
#1054 =( NAMED_UNIT ( * ) PLANE_ANGLE_UNIT ( ) SI_UNIT ( $, .RADIAN. ) );
#1055 = CARTESIAN_POINT ( 'NONE',  ( 74.67797185538925930, 5.000000000000004441, -59.55369529038181753 ) ) ;
#1056 = EDGE_LOOP ( 'NONE', ( #499, #1033 ) ) ;
#1057 = CARTESIAN_POINT ( 'NONE',  ( -2.056435515653094903, 50.00000000000000000, 4.557529261558349809 ) ) ;
#1058 = EDGE_CURVE ( 'NONE', #2137, #199, #335, .T. ) ;
#1059 = CARTESIAN_POINT ( 'NONE',  ( 0.000000000000000000, 0.000000000000000000, 0.000000000000000000 ) ) ;
#1060 = FACE_OUTER_BOUND ( 'NONE', #877, .T. ) ;
#1061 = EDGE_CURVE ( 'NONE', #57, #220, #1670, .T. ) ;
#1062 = DIRECTION ( 'NONE',  ( -0.000000000000000000, -1.000000000000000000, -0.000000000000000000 ) ) ;
#1063 = ORIENTED_EDGE ( 'NONE', *, *, #546, .F. ) ;
#1064 = DIRECTION ( 'NONE',  ( 0.000000000000000000, -1.000000000000000000, 0.000000000000000000 ) ) ;
#1065 = ORIENTED_EDGE ( 'NONE', *, *, #1113, .F. ) ;
#1066 = LINE ( 'NONE', #223, #371 ) ;
#1067 = VECTOR ( 'NONE', #652, 999.9999999999998863 ) ;
#1068 = EDGE_CURVE ( 'NONE', #1512, #8, #1456, .T. ) ;
#1069 = DIRECTION ( 'NONE',  ( -0.000000000000000000, 1.000000000000000000, -0.000000000000000000 ) ) ;
#1070 = CIRCLE ( 'NONE', #433, 2.500000000000000444 ) ;
#1071 = DIRECTION ( 'NONE',  ( -0.000000000000000000, -0.000000000000000000, 1.000000000000000000 ) ) ;
#1072 = CIRCLE ( 'NONE', #434, 100.0000000000000000 ) ;
#1073 = CC_DESIGN_APPROVAL ( #758, ( #1698 ) ) ;
#1074 = CIRCLE ( 'NONE', #401, 2.500000000000000444 ) ;
#1075 = COORDINATED_UNIVERSAL_TIME_OFFSET ( 10, 0, .AHEAD. ) ;
#1076 = CARTESIAN_POINT ( 'NONE',  ( 0.000000000000000000, 5.000000000000004441, 0.000000000000000000 ) ) ;
#1077 = ORIENTED_EDGE ( 'NONE', *, *, #1023, .T. ) ;
#1078 = EDGE_CURVE ( 'NONE', #740, #963, #110, .T. ) ;
#1079 = CARTESIAN_POINT ( 'NONE',  ( 9.381977789616371410, 5.000000000000004441, 9.981877622304784481 ) ) ;
#1080 = CARTESIAN_POINT ( 'NONE',  ( -2.169418695587825852, 50.00000000000000000, 4.504844339512077411 ) ) ;
#1081 = LINE ( 'NONE', #578, #1602 ) ;
#1082 = CC_DESIGN_PERSON_AND_ORGANIZATION_ASSIGNMENT ( #1617, #600, ( #592 ) ) ;
#1083 = APPROVAL_DATE_TIME ( #97, #994 ) ;
#1084 = FACE_OUTER_BOUND ( 'NONE', #480, .T. ) ;
#1085 = ADVANCED_FACE ( 'NONE', ( #2017, #344, #1031, #1021, #1199, #159, #854, #135 ), #684, .T. ) ;
#1086 = VERTEX_POINT ( 'NONE', #179 ) ;
#1087 = EDGE_LOOP ( 'NONE', ( #1800, #856, #442, #686 ) ) ;
#1088 = CARTESIAN_POINT ( 'NONE',  ( -9.942375551532062872, 5.000000000000004441, -4.071220075378209735 ) ) ;
#1089 = EDGE_CURVE ( 'NONE', #902, #685, #1012, .T. ) ;
#1090 = PERSON_AND_ORGANIZATION ( #323, #1977 ) ;
#1091 = AXIS2_PLACEMENT_3D ( 'NONE', #131, #986, #1821 ) ;
#1092 = DIRECTION ( 'NONE',  ( 0.000000000000000000, 0.000000000000000000, -1.000000000000000000 ) ) ;
#1093 =( GEOMETRIC_REPRESENTATION_CONTEXT ( 3 ) GLOBAL_UNCERTAINTY_ASSIGNED_CONTEXT ( ( #873 ) ) GLOBAL_UNIT_ASSIGNED_CONTEXT ( ( #200, #1366, #1219 ) ) REPRESENTATION_CONTEXT ( 'NONE', 'WORKASPACE' ) );
#1094 = CARTESIAN_POINT ( 'NONE',  ( -9.942375551532062872, 5.000000000000004441, -1.571220075378209735 ) ) ;
#1095 = APPROVAL_DATE_TIME ( #55, #1613 ) ;
#1096 = EDGE_CURVE ( 'NONE', #1196, #1630, #502, .T. ) ;
#1097 = DIRECTION ( 'NONE',  ( 0.7660444431189792347, 0.000000000000000000, -0.6427876096865379196 ) ) ;
#1098 = EDGE_LOOP ( 'NONE', ( #1903, #1896 ) ) ;
#1099 = EDGE_LOOP ( 'NONE', ( #879, #658, #812, #1302, #1668, #298 ) ) ;
#1100 = FACE_BOUND ( 'NONE', #1726, .T. ) ;
#1101 = APPROVAL_STATUS ( 'not_yet_approved' ) ;
#1102 = VECTOR ( 'NONE', #1367, 1000.000000000000000 ) ;
#1103 = AXIS2_PLACEMENT_3D ( 'NONE', #1076, #1232, #1578 ) ;
#1104 = DIRECTION ( 'NONE',  ( 0.000000000000000000, 1.000000000000000000, 0.000000000000000000 ) ) ;
#1105 = FACE_OUTER_BOUND ( 'NONE', #967, .T. ) ;
#1106 = CIRCLE ( 'NONE', #2024, 2.500000000000000444 ) ;
#1107 = DATE_TIME_ROLE ( 'creation_date' ) ;
#1108 = EDGE_CURVE ( 'NONE', #126, #1525, #1177, .T. ) ;
#1109 = CARTESIAN_POINT ( 'NONE',  ( 41.44314776893951091, 5.000000000000004441, 86.05758308351332175 ) ) ;
#1110 = EDGE_CURVE ( 'NONE', #470, #841, #1871, .T. ) ;
#1111 = ORIENTED_EDGE ( 'NONE', *, *, #1275, .T. ) ;
#1112 = EDGE_LOOP ( 'NONE', ( #503, #4, #148, #1398 ) ) ;
#1113 = EDGE_CURVE ( 'NONE', #2015, #172, #639, .T. ) ;
#1114 = CARTESIAN_POINT ( 'NONE',  ( 0.000000000000000000, 5.000000000000004441, 0.000000000000000000 ) ) ;
#1115 = ADVANCED_FACE ( 'NONE', ( #1827 ), #826, .T. ) ;
#1116 = AXIS2_PLACEMENT_3D ( 'NONE', #1211, #182, #2050 ) ;
#1117 = CALENDAR_DATE ( 2026, 11, 5 ) ;
#1118 = DIRECTION ( 'NONE',  ( -0.4112871031306188363, 0.000000000000000000, 0.9115058523116699174 ) ) ;
#1119 = CARTESIAN_POINT ( 'NONE',  ( -8.600146307148348157, 0.000000000000000000, 5.858387820446070648 ) ) ;
#1120 = CARTESIAN_POINT ( 'NONE',  ( 0.000000000000000000, 5.000000000000004441, 8.499999999999998224 ) ) ;
#1121 = ORIENTED_EDGE ( 'NONE', *, *, #968, .T. ) ;
#1122 = ORIENTED_EDGE ( 'NONE', *, *, #2118, .F. ) ;
#1123 = DIRECTION ( 'NONE',  ( 0.000000000000000000, 0.000000000000000000, -1.000000000000000000 ) ) ;
#1124 = VECTOR ( 'NONE', #2144, 1000.000000000000114 ) ;
#1125 = EDGE_LOOP ( 'NONE', ( #2149, #1546, #2136, #1443 ) ) ;
#1126 = APPLICATION_PROTOCOL_DEFINITION ( 'international standard', 'config_control_design', 1994, #542 ) ;
#1127 = CARTESIAN_POINT ( 'NONE',  ( 3.909157412340154014, 50.00000000000000000, -3.117449009293660644 ) ) ;
#1128 = CYLINDRICAL_SURFACE ( 'NONE', #1991, 95.51671111996031982 ) ;
#1129 = CARTESIAN_POINT ( 'NONE',  ( -3.015961735643311936, 5.000000000000004441, -8.811626414829062170 ) ) ;
#1130 = EDGE_CURVE ( 'NONE', #306, #2137, #1459, .T. ) ;
#1131 = PERSON_AND_ORGANIZATION ( #323, #1977 ) ;
#1132 = DIRECTION ( 'NONE',  ( -0.000000000000000000, -1.000000000000000000, -0.000000000000000000 ) ) ;
#1133 = ADVANCED_FACE ( 'NONE', ( #171 ), #1933, .F. ) ;
#1134 = ORIENTED_EDGE ( 'NONE', *, *, #944, .F. ) ;
#1135 = EDGE_LOOP ( 'NONE', ( #1837, #1815 ) ) ;
#1136 = DIRECTION ( 'NONE',  ( -0.000000000000000000, 1.000000000000000000, -0.000000000000000000 ) ) ;
#1137 = ORIENTED_EDGE ( 'NONE', *, *, #807, .T. ) ;
#1138 = DATE_AND_TIME ( #1117, #1540 ) ;
#1139 = LINE ( 'NONE', #957, #1224 ) ;
#1140 = ADVANCED_FACE ( 'NONE', ( #1052 ), #405, .F. ) ;
#1141 = CARTESIAN_POINT ( 'NONE',  ( 9.381977789616371410, 5.000000000000004441, 7.481877622304784481 ) ) ;
#1142 = DIRECTION ( 'NONE',  ( -0.000000000000000000, -1.000000000000000000, -0.000000000000000000 ) ) ;
#1143 = CARTESIAN_POINT ( 'NONE',  ( -9.942375551532062872, 10.00000000000000000, -1.571220075378209735 ) ) ;
#1144 = ORIENTED_EDGE ( 'NONE', *, *, #1687, .T. ) ;
#1145 = ORIENTED_EDGE ( 'NONE', *, *, #1581, .T. ) ;
#1146 = DIRECTION ( 'NONE',  ( -0.1981461431994014366, 0.000000000000000000, 0.9801724878485430503 ) ) ;
#1147 = EDGE_CURVE ( 'NONE', #1040, #220, #217, .T. ) ;
#1148 = ORIENTED_EDGE ( 'NONE', *, *, #1436, .F. ) ;
#1149 = AXIS2_PLACEMENT_3D ( 'NONE', #540, #212, #1223 ) ;
#1150 = SECURITY_CLASSIFICATION ( '', '', #139 ) ;
#1151 = CIRCLE ( 'NONE', #1853, 2.500000000000000444 ) ;
#1152 = DIRECTION ( 'NONE',  ( -0.000000000000000000, 1.000000000000000000, -0.000000000000000000 ) ) ;
#1153 = DIRECTION ( 'NONE',  ( 0.000000000000000000, 0.000000000000000000, -1.000000000000000000 ) ) ;
#1154 = FACE_OUTER_BOUND ( 'NONE', #1536, .T. ) ;
#1155 = EDGE_LOOP ( 'NONE', ( #1336, #640, #31, #356 ) ) ;
#1156 = CC_DESIGN_PERSON_AND_ORGANIZATION_ASSIGNMENT ( #566, #1785, ( #1486 ) ) ;
#1157 = ORIENTED_EDGE ( 'NONE', *, *, #1928, .T. ) ;
#1158 = DIRECTION ( 'NONE',  ( -0.7818314824680310249, 0.000000000000000000, 0.6234898018587320401 ) ) ;
#1159 = CARTESIAN_POINT ( 'NONE',  ( 6.963364264060542652, 10.00000000000000000, -12.91065754692665557 ) ) ;
#1160 = ORIENTED_EDGE ( 'NONE', *, *, #509, .T. ) ;
#1161 = AXIS2_PLACEMENT_3D ( 'NONE', #42, #1914, #1209 ) ;
#1162 = DIRECTION ( 'NONE',  ( -0.000000000000000000, -1.000000000000000000, -0.000000000000000000 ) ) ;
#1163 = LINE ( 'NONE', #1520, #1899 ) ;
#1164 = CARTESIAN_POINT ( 'NONE',  ( 0.000000000000000000, 0.000000000000000000, 0.000000000000000000 ) ) ;
#1165 = ORIENTED_EDGE ( 'NONE', *, *, #1873, .F. ) ;
#1166 = EDGE_LOOP ( 'NONE', ( #1024, #752, #1740, #1121 ) ) ;
#1167 = CYLINDRICAL_SURFACE ( 'NONE', #140, 2.500000000000000444 ) ;
#1168 = DIRECTION ( 'NONE',  ( -0.000000000000000000, -1.000000000000000000, -0.000000000000000000 ) ) ;
#1169 = EDGE_LOOP ( 'NONE', ( #1927, #1654, #1065, #614 ) ) ;
#1170 = PERSON_AND_ORGANIZATION ( #719, #2132 ) ;
#1171 = CARTESIAN_POINT ( 'NONE',  ( 0.000000000000000000, 50.00000000000000000, 0.000000000000000000 ) ) ;
#1172 = PLANE ( 'NONE',  #767 ) ;
#1173 = AXIS2_PLACEMENT_3D ( 'NONE', #1524, #1700, #2161 ) ;
#1174 = ORIENTED_EDGE ( 'NONE', *, *, #1603, .F. ) ;
#1175 = ORIENTED_EDGE ( 'NONE', *, *, #869, .F. ) ;
#1176 = DIRECTION ( 'NONE',  ( -0.000000000000000000, 1.000000000000000000, -0.000000000000000000 ) ) ;
#1177 = LINE ( 'NONE', #12, #1102 ) ;
#1178 = ADVANCED_FACE ( 'NONE', ( #1247 ), #1723, .F. ) ;
#1179 = VERTEX_POINT ( 'NONE', #1746 ) ;
#1180 = VERTEX_POINT ( 'NONE', #1753 ) ;
#1181 = COORDINATED_UNIVERSAL_TIME_OFFSET ( 10, 0, .AHEAD. ) ;
#1182 = AXIS2_PLACEMENT_3D ( 'NONE', #936, #439, #1819 ) ;
#1183 = VECTOR ( 'NONE', #1900, 1000.000000000000000 ) ;
#1184 = PRODUCT_RELATED_PRODUCT_CATEGORY ( 'detail', '', ( #1351 ) ) ;
#1185 = DIRECTION ( 'NONE',  ( -0.000000000000000000, -1.000000000000000000, -0.000000000000000000 ) ) ;
#1186 = FACE_BOUND ( 'NONE', #897, .T. ) ;
#1187 = ADVANCED_FACE ( 'NONE', ( #2085 ), #1397, .F. ) ;
#1188 = EDGE_LOOP ( 'NONE', ( #1157, #845 ) ) ;
#1189 = SHAPE_REPRESENTATION ( 'base', ( #456 ), #2113 ) ;
#1190 =( NAMED_UNIT ( * ) SI_UNIT ( $, .STERADIAN. ) SOLID_ANGLE_UNIT ( ) );
#1191 = CARTESIAN_POINT ( 'NONE',  ( -3.015961735643312380, 5.000000000000004441, -11.31162641482906572 ) ) ;
#1192 = ORIENTED_EDGE ( 'NONE', *, *, #1841, .F. ) ;
#1193 = ORIENTED_EDGE ( 'NONE', *, *, #1545, .F. ) ;
#1194 = DIRECTION ( 'NONE',  ( 0.000000000000000000, 0.000000000000000000, -1.000000000000000000 ) ) ;
#1195 = CARTESIAN_POINT ( 'NONE',  ( 0.000000000000000000, 50.00000000000000000, 0.000000000000000000 ) ) ;
#1196 = VERTEX_POINT ( 'NONE', #225 ) ;
#1197 = EDGE_CURVE ( 'NONE', #1241, #2007, #1742, .T. ) ;
#1198 = VECTOR ( 'NONE', #1441, 1000.000000000000000 ) ;
#1199 = FACE_BOUND ( 'NONE', #75, .T. ) ;
#1200 = ORIENTED_EDGE ( 'NONE', *, *, #748, .F. ) ;
#1201 = CC_DESIGN_APPROVAL ( #1613, ( #2094 ) ) ;
#1202 = LINE ( 'NONE', #1403, #187 ) ;
#1203 = CARTESIAN_POINT ( 'NONE',  ( 0.000000000000000000, 5.000000000000004441, 0.000000000000000000 ) ) ;
#1204 = DIRECTION ( 'NONE',  ( 0.000000000000000000, 0.000000000000000000, 1.000000000000000000 ) ) ;
#1205 = EDGE_CURVE ( 'NONE', #1586, #504, #2106, .T. ) ;
#1206 = EDGE_LOOP ( 'NONE', ( #2146, #53, #1019, #921 ) ) ;
#1207 = DIRECTION ( 'NONE',  ( 1.000000000000000000, 0.000000000000000000, 0.000000000000000000 ) ) ;
#1208 = AXIS2_PLACEMENT_3D ( 'NONE', #1708, #1755, #938 ) ;
#1209 = DIRECTION ( 'NONE',  ( 0.000000000000000000, 0.000000000000000000, 1.000000000000000000 ) ) ;
#1210 = VERTEX_POINT ( 'NONE', #1094 ) ;
#1211 = CARTESIAN_POINT ( 'NONE',  ( 9.381977789616371410, 10.00000000000000000, 7.481877622304784481 ) ) ;
#1212 = SHAPE_REPRESENTATION ( 'top_2', ( #456 ), #2153 ) ;
#1213 = CIRCLE ( 'NONE', #1246, 2.500000000000002220 ) ;
#1214 = DIRECTION ( 'NONE',  ( -0.000000000000000000, -1.000000000000000000, -0.000000000000000000 ) ) ;
#1215 = FACE_OUTER_BOUND ( 'NONE', #429, .T. ) ;
#1216 = CARTESIAN_POINT ( 'NONE',  ( 0.000000000000000000, -5.000000000000000000, 0.000000000000000000 ) ) ;
#1217 = ORIENTED_EDGE ( 'NONE', *, *, #673, .F. ) ;
#1218 = AXIS2_PLACEMENT_3D ( 'NONE', #1114, #931, #1611 ) ;
#1219 =( NAMED_UNIT ( * ) SI_UNIT ( $, .STERADIAN. ) SOLID_ANGLE_UNIT ( ) );
#1220 = DIRECTION ( 'NONE',  ( 0.000000000000000000, 0.000000000000000000, 1.000000000000000000 ) ) ;
#1221 = APPROVAL ( #745, 'UNSPECIFIED' ) ;
#1222 = EDGE_LOOP ( 'NONE', ( #108, #275, #124, #763 ) ) ;
#1223 = DIRECTION ( 'NONE',  ( 0.000000000000000000, 0.000000000000000000, 1.000000000000000000 ) ) ;
#1224 = VECTOR ( 'NONE', #115, 1000.000000000000114 ) ;
#1225 = LINE ( 'NONE', #49, #1183 ) ;
#1226 = CARTESIAN_POINT ( 'NONE',  ( -4.874639560909129088, 5.000000000000004441, 1.112604669781525280 ) ) ;
#1227 = AXIS2_PLACEMENT_3D ( 'NONE', #915, #1592, #68 ) ;
#1228 = VECTOR ( 'NONE', #1634, 1000.000000000000000 ) ;
#1229 = DIRECTION ( 'NONE',  ( 0.4562106573531578557, 0.000000000000000000, 0.8898718088114713209 ) ) ;
#1230 = EDGE_LOOP ( 'NONE', ( #2089, #168, #1326, #989 ) ) ;
#1231 =( NAMED_UNIT ( * ) PLANE_ANGLE_UNIT ( ) SI_UNIT ( $, .RADIAN. ) );
#1232 = DIRECTION ( 'NONE',  ( 0.000000000000000000, 1.000000000000000000, 0.000000000000000000 ) ) ;
#1233 = ORIENTED_EDGE ( 'NONE', *, *, #1928, .F. ) ;
#1234 = CARTESIAN_POINT ( 'NONE',  ( 1.163414459189985643E-14, 0.000000000000000000, 95.00000000000000000 ) ) ;
#1235 = CC_DESIGN_APPROVAL ( #618, ( #1934 ) ) ;
#1236 = LINE ( 'NONE', #1908, #679 ) ;
#1237 = DIRECTION ( 'NONE',  ( -0.000000000000000000, -1.000000000000000000, -0.000000000000000000 ) ) ;
#1238 = PLANE ( 'NONE',  #116 ) ;
#1239 = PERSON_AND_ORGANIZATION_ROLE ( 'creator' ) ;
#1240 = FACE_OUTER_BOUND ( 'NONE', #1690, .T. ) ;
#1241 = VERTEX_POINT ( 'NONE', #558 ) ;
#1242 = FACE_OUTER_BOUND ( 'NONE', #979, .T. ) ;
#1243 = CC_DESIGN_PERSON_AND_ORGANIZATION_ASSIGNMENT ( #1761, #1792, ( #1854 ) ) ;
#1244 = CYLINDRICAL_SURFACE ( 'NONE', #202, 100.0000000000000000 ) ;
#1245 = EDGE_CURVE ( 'NONE', #342, #1525, #330, .T. ) ;
#1246 = AXIS2_PLACEMENT_3D ( 'NONE', #1574, #737, #1418 ) ;
#1247 = FACE_OUTER_BOUND ( 'NONE', #827, .T. ) ;
#1248 = CIRCLE ( 'NONE', #1149, 95.51671111996031982 ) ;
#1249 = LOCAL_TIME ( 15, 21, 43.00000000000000000, #945 ) ;
#1250 = VECTOR ( 'NONE', #2095, 1000.000000000000000 ) ;
#1251 = PERSON_AND_ORGANIZATION_ROLE ( 'design_supplier' ) ;
#1252 = CARTESIAN_POINT ( 'NONE',  ( -8.600146307148348157, 10.00000000000000000, 5.858387820446070648 ) ) ;
#1253 = EDGE_CURVE ( 'NONE', #1311, #74, #1081, .T. ) ;
#1254 = ORIENTED_EDGE ( 'NONE', *, *, #1988, .T. ) ;
#1255 = AXIS2_PLACEMENT_3D ( 'NONE', #1847, #1656, #2184 ) ;
#1256 = ORIENTED_EDGE ( 'NONE', *, *, #1709, .F. ) ;
#1257 = DIRECTION ( 'NONE',  ( 0.000000000000000000, 1.000000000000000000, 0.000000000000000000 ) ) ;
#1258 = SHAPE_DEFINITION_REPRESENTATION ( #1795, #1189 ) ;
#1259 = DIRECTION ( 'NONE',  ( 0.000000000000000000, 0.000000000000000000, 1.000000000000000000 ) ) ;
#1260 = ADVANCED_FACE ( 'NONE', ( #547 ), #1238, .F. ) ;
#1261 = CYLINDRICAL_SURFACE ( 'NONE', #45, 2.500000000000000444 ) ;
#1262 = AXIS2_PLACEMENT_3D ( 'NONE', #1406, #2116, #94 ) ;
#1263 = APPLICATION_PROTOCOL_DEFINITION ( 'international standard', 'config_control_design', 1994, #1801 ) ;
#1264 = DIRECTION ( 'NONE',  ( -0.000000000000000000, -1.000000000000000000, -0.000000000000000000 ) ) ;
#1265 = ORIENTED_EDGE ( 'NONE', *, *, #1730, .F. ) ;
#1266 = ORIENTED_EDGE ( 'NONE', *, *, #795, .F. ) ;
#1267 = FACE_OUTER_BOUND ( 'NONE', #2174, .T. ) ;
#1268 = COORDINATED_UNIVERSAL_TIME_OFFSET ( 10, 0, .AHEAD. ) ;
#1269 = VECTOR ( 'NONE', #962, 1000.000000000000000 ) ;
#1270 = LINE ( 'NONE', #1080, #793 ) ;
#1271 = ADVANCED_FACE ( 'NONE', ( #374, #234 ), #1583, .T. ) ;
#1272 = EDGE_CURVE ( 'NONE', #2056, #2191, #749, .T. ) ;
#1273 = VECTOR ( 'NONE', #1136, 1000.000000000000000 ) ;
#1274 = DIRECTION ( 'NONE',  ( 0.000000000000000000, 1.000000000000000000, 0.000000000000000000 ) ) ;
#1275 = EDGE_CURVE ( 'NONE', #1196, #569, #1106, .T. ) ;
#1276 = CALENDAR_DATE ( 2026, 11, 5 ) ;
#1277 = CARTESIAN_POINT ( 'NONE',  ( -4.845386431145402462, 5.000000000000004441, 1.233786988451420763 ) ) ;
#1278 = ORIENTED_EDGE ( 'NONE', *, *, #1275, .F. ) ;
#1279 = ORIENTED_EDGE ( 'NONE', *, *, #66, .F. ) ;
#1280 = DIRECTION ( 'NONE',  ( 0.000000000000000000, 0.000000000000000000, -1.000000000000000000 ) ) ;
#1281 = PERSON_AND_ORGANIZATION_ROLE ( 'creator' ) ;
#1282 = CARTESIAN_POINT ( 'NONE',  ( -8.600146307148348157, 5.000000000000004441, 5.858387820446070648 ) ) ;
#1283 = DIRECTION ( 'NONE',  ( 0.000000000000000000, 1.000000000000000000, 0.000000000000000000 ) ) ;
#1284 = AXIS2_PLACEMENT_3D ( 'NONE', #414, #1924, #1438 ) ;
#1285 = PERSON_AND_ORGANIZATION ( #323, #1977 ) ;
#1286 = CARTESIAN_POINT ( 'NONE',  ( -39.28479141709264866, 5.000000000000004441, 87.06404117940699905 ) ) ;
#1287 = AXIS2_PLACEMENT_3D ( 'NONE', #1530, #6, #710 ) ;
#1288 = ORIENTED_EDGE ( 'NONE', *, *, #1507, .F. ) ;
#1289 = ORIENTED_EDGE ( 'NONE', *, *, #1956, .F. ) ;
#1290 = FACE_OUTER_BOUND ( 'NONE', #1112, .T. ) ;
#1291 = COORDINATED_UNIVERSAL_TIME_OFFSET ( 10, 0, .AHEAD. ) ;
#1292 = EDGE_CURVE ( 'NONE', #2007, #1241, #1213, .T. ) ;
#1293 = DIRECTION ( 'NONE',  ( -0.000000000000000000, -1.000000000000000000, -0.000000000000000000 ) ) ;
#1294 = ADVANCED_FACE ( 'NONE', ( #1593 ), #1261, .F. ) ;
#1295 = CARTESIAN_POINT ( 'NONE',  ( 0.000000000000000000, 50.00000000000000000, 0.000000000000000000 ) ) ;
#1296 = CARTESIAN_POINT ( 'NONE',  ( -93.12190775065751325, 50.00000000000000000, 21.25446776684816186 ) ) ;
#1297 = CALENDAR_DATE ( 2026, 11, 5 ) ;
#1298 = DIRECTION ( 'NONE',  ( -0.9690772862290802925, 0.000000000000000000, 0.2467573976902841526 ) ) ;
#1299 = EDGE_LOOP ( 'NONE', ( #1844, #1013, #548, #1145 ) ) ;
#1300 = ORIENTED_EDGE ( 'NONE', *, *, #1770, .T. ) ;
#1301 = DIRECTION ( 'NONE',  ( 0.000000000000000000, 1.000000000000000000, 0.000000000000000000 ) ) ;
#1302 = ORIENTED_EDGE ( 'NONE', *, *, #278, .F. ) ;
#1303 = EDGE_CURVE ( 'NONE', #522, #386, #1070, .T. ) ;
#1304 = CALENDAR_DATE ( 2026, 11, 5 ) ;
#1305 = CARTESIAN_POINT ( 'NONE',  ( 12.48096642864992312, 5.000000000000004441, -2.046761405617074203 ) ) ;
#1306 = CIRCLE ( 'NONE', #1482, 2.499999999999999556 ) ;
#1307 = CARTESIAN_POINT ( 'NONE',  ( 43.57574156824877321, 5.000000000000004441, 84.99762849604186954 ) ) ;
#1308 = CARTESIAN_POINT ( 'NONE',  ( -9.942375551532062872, 5.000000000000004441, -4.071220075378209735 ) ) ;
#1309 = EDGE_CURVE ( 'NONE', #1879, #813, #771, .T. ) ;
#1310 = FACE_OUTER_BOUND ( 'NONE', #1155, .T. ) ;
#1311 = VERTEX_POINT ( 'NONE', #449 ) ;
#1312 = ORIENTED_EDGE ( 'NONE', *, *, #90, .T. ) ;
#1313 = DIRECTION ( 'NONE',  ( -0.000000000000000000, 0.000000000000000000, 1.000000000000000000 ) ) ;
#1314 = VERTEX_POINT ( 'NONE', #1483 ) ;
#1315 = CARTESIAN_POINT ( 'NONE',  ( 0.000000000000000000, 50.00000000000000000, 95.51671111996033403 ) ) ;
#1316 = CIRCLE ( 'NONE', #533, 2.500000000000000444 ) ;
#1317 = ADVANCED_FACE ( 'NONE', ( #1105 ), #1472, .T. ) ;
#1318 = CARTESIAN_POINT ( 'NONE',  ( -9.942375551532062872, 0.000000000000000000, -4.071220075378209735 ) ) ;
#1319 = CYLINDRICAL_SURFACE ( 'NONE', #1692, 2.500000000000002220 ) ;
#1320 = DIRECTION ( 'NONE',  ( -0.000000000000000000, -1.000000000000000000, -0.000000000000000000 ) ) ;
#1321 = ORIENTED_EDGE ( 'NONE', *, *, #2151, .F. ) ;
#1322 = VECTOR ( 'NONE', #1902, 1000.000000000000000 ) ;
#1323 = ORIENTED_EDGE ( 'NONE', *, *, #1130, .F. ) ;
#1324 = CARTESIAN_POINT ( 'NONE',  ( 3.061616997868384620E-16, 5.000000000000004441, 13.50000000000000000 ) ) ;
#1325 = CARTESIAN_POINT ( 'NONE',  ( 4.900862439242715141, 5.000000000000004441, 0.9907307159970060173 ) ) ;
#1326 = ORIENTED_EDGE ( 'NONE', *, *, #468, .T. ) ;
#1327 = CIRCLE ( 'NONE', #2131, 2.500000000000002220 ) ;
#1328 = VECTOR ( 'NONE', #1907, 1000.000000000000114 ) ;
#1329 = CARTESIAN_POINT ( 'NONE',  ( -2.169418695587825852, 5.000000000000004441, 4.504844339512077411 ) ) ;
#1330 = LINE ( 'NONE', #1820, #1228 ) ;
#1331 = FACE_OUTER_BOUND ( 'NONE', #420, .T. ) ;
#1332 = ORIENTED_EDGE ( 'NONE', *, *, #689, .T. ) ;
#1333 = ORIENTED_EDGE ( 'NONE', *, *, #1581, .F. ) ;
#1334 = DIRECTION ( 'NONE',  ( 0.6427876096865379196, 0.000000000000000000, 0.7660444431189792347 ) ) ;
#1335 = DIRECTION ( 'NONE',  ( -0.000000000000000000, -1.000000000000000000, -0.000000000000000000 ) ) ;
#1336 = ORIENTED_EDGE ( 'NONE', *, *, #1068, .F. ) ;
#1337 = AXIS2_PLACEMENT_3D ( 'NONE', #563, #1446, #1092 ) ;
#1338 = AXIS2_PLACEMENT_3D ( 'NONE', #1979, #462, #1843 ) ;
#1339 = DIRECTION ( 'NONE',  ( 0.000000000000000000, 0.000000000000000000, 1.000000000000000000 ) ) ;
#1340 = DIRECTION ( 'NONE',  ( -0.000000000000000000, 1.000000000000000000, -0.000000000000000000 ) ) ;
#1341 = EDGE_CURVE ( 'NONE', #2124, #240, #677, .T. ) ;
#1342 = EDGE_CURVE ( 'NONE', #287, #1788, #1569, .T. ) ;
#1343 = ADVANCED_FACE ( 'NONE', ( #1989, #2143 ), #105, .T. ) ;
#1344 = ORIENTED_EDGE ( 'NONE', *, *, #692, .F. ) ;
#1345 = ORIENTED_EDGE ( 'NONE', *, *, #475, .F. ) ;
#1346 = CARTESIAN_POINT ( 'NONE',  ( 3.909157412340154014, 5.000000000000004441, -3.117449009293660644 ) ) ;
#1347 = EDGE_CURVE ( 'NONE', #1537, #504, #1882, .T. ) ;
#1348 = CARTESIAN_POINT ( 'NONE',  ( -41.44314776894071173, 5.000000000000004441, 86.05758308351273911 ) ) ;
#1349 = ORIENTED_EDGE ( 'NONE', *, *, #92, .T. ) ;
#1350 = ORIENTED_EDGE ( 'NONE', *, *, #351, .F. ) ;
#1351 = PRODUCT ( 'assem_1', 'assem_1', '', ( #1943 ) ) ;
#1352 = APPROVAL_ROLE ( '' ) ;
#1353 = FACE_OUTER_BOUND ( 'NONE', #630, .T. ) ;
#1354 = CARTESIAN_POINT ( 'NONE',  ( 6.963364264060542652, 0.000000000000000000, -10.41065754692665557 ) ) ;
#1355 = EDGE_LOOP ( 'NONE', ( #2088, #1345, #627, #192 ) ) ;
#1356 = DIRECTION ( 'NONE',  ( 1.000000000000000000, 0.000000000000000000, 0.000000000000000000 ) ) ;
#1357 = DIRECTION ( 'NONE',  ( 0.000000000000000000, 1.000000000000000000, 0.000000000000000000 ) ) ;
#1358 = ORIENTED_EDGE ( 'NONE', *, *, #901, .T. ) ;
#1359 = EDGE_LOOP ( 'NONE', ( #1278, #930 ) ) ;
#1360 = CIRCLE ( 'NONE', #399, 5.000000000000000000 ) ;
#1361 = ORGANIZATION ( 'NAUO-ORG1', 'UNSPECIFIED', 'UNSPECIFIED' ) ;
#1362 = LINE ( 'NONE', #656, #863 ) ;
#1363 = DIRECTION ( 'NONE',  ( -0.000000000000000000, -1.000000000000000000, -0.000000000000000000 ) ) ;
#1364 = ADVANCED_FACE ( 'NONE', ( #984 ), #1128, .F. ) ;
#1365 = EDGE_LOOP ( 'NONE', ( #3, #86, #1442, #1724 ) ) ;
#1366 =( NAMED_UNIT ( * ) PLANE_ANGLE_UNIT ( ) SI_UNIT ( $, .RADIAN. ) );
#1367 = DIRECTION ( 'NONE',  ( -0.000000000000000000, -1.000000000000000000, -0.000000000000000000 ) ) ;
#1368 = EDGE_LOOP ( 'NONE', ( #410, #478, #513, #2023 ) ) ;
#1369 = EDGE_LOOP ( 'NONE', ( #500, #1014, #849, #939 ) ) ;
#1370 = CARTESIAN_POINT ( 'NONE',  ( -3.909157412340110049, 5.000000000000004441, -3.117449009293715712 ) ) ;
#1371 = EDGE_CURVE ( 'NONE', #1701, #211, #129, .T. ) ;
#1372 = CARTESIAN_POINT ( 'NONE',  ( -8.600146307148348157, 5.000000000000004441, 8.358387820446072425 ) ) ;
#1373 = DIRECTION ( 'NONE',  ( 0.000000000000000000, 1.000000000000000000, 0.000000000000000000 ) ) ;
#1374 = ORIENTED_EDGE ( 'NONE', *, *, #90, .F. ) ;
#1375 = EDGE_CURVE ( 'NONE', #890, #653, #1035, .T. ) ;
#1376 = DIRECTION ( 'NONE',  ( 0.000000000000000000, 0.000000000000000000, 1.000000000000000000 ) ) ;
#1377 = AXIS2_PLACEMENT_3D ( 'NONE', #1164, #1487, #822 ) ;
#1378 = CARTESIAN_POINT ( 'NONE',  ( 0.000000000000000000, 0.000000000000000000, 8.499999999999998224 ) ) ;
#1379 = ORIENTED_EDGE ( 'NONE', *, *, #1981, .T. ) ;
#1380 = ORIENTED_EDGE ( 'NONE', *, *, #1205, .T. ) ;
#1381 = DIRECTION ( 'NONE',  ( -0.000000000000000000, 1.000000000000000000, -0.000000000000000000 ) ) ;
#1382 = DESIGN_CONTEXT ( 'detailed design', #479, 'design' ) ;
#1383 = CARTESIAN_POINT ( 'NONE',  ( 1.224646799147353217E-14, 0.000000000000000000, 100.0000000000000000 ) ) ;
#1384 = CYLINDRICAL_SURFACE ( 'NONE', #510, 5.000000000000000888 ) ;
#1385 = CC_DESIGN_PERSON_AND_ORGANIZATION_ASSIGNMENT ( #1285, #1251, ( #1486 ) ) ;
#1386 = CARTESIAN_POINT ( 'NONE',  ( 0.000000000000000000, -5.000000000000000000, 0.000000000000000000 ) ) ;
#1387 = DIRECTION ( 'NONE',  ( 0.000000000000000000, 0.000000000000000000, 1.000000000000000000 ) ) ;
#1388 = VECTOR ( 'NONE', #155, 1000.000000000000000 ) ;
#1389 = VECTOR ( 'NONE', #188, 1000.000000000000000 ) ;
#1390 = CARTESIAN_POINT ( 'NONE',  ( -0.1246534586902909719, 5.000000000000004441, -4.998445910004082116 ) ) ;
#1391 = ORIENTED_EDGE ( 'NONE', *, *, #1417, .T. ) ;
#1392 = LINE ( 'NONE', #194, #1427 ) ;
#1393 = AXIS2_PLACEMENT_3D ( 'NONE', #1942, #1283, #2154 ) ;
#1394 = CIRCLE ( 'NONE', #80, 4.999999999999999112 ) ;
#1395 = LINE ( 'NONE', #2062, #1918 ) ;
#1396 = FACE_BOUND ( 'NONE', #705, .T. ) ;
#1397 = PLANE ( 'NONE',  #1284 ) ;
#1398 = ORIENTED_EDGE ( 'NONE', *, *, #463, .T. ) ;
#1399 = AXIS2_PLACEMENT_3D ( 'NONE', #1370, #523, #1712 ) ;
#1400 = CARTESIAN_POINT ( 'NONE',  ( 0.000000000000000000, 0.000000000000000000, 0.000000000000000000 ) ) ;
#1401 = DIRECTION ( 'NONE',  ( 0.000000000000000000, 0.000000000000000000, 1.000000000000000000 ) ) ;
#1402 = ORIENTED_EDGE ( 'NONE', *, *, #2142, .T. ) ;
#1403 = CARTESIAN_POINT ( 'NONE',  ( -2.169418695587825852, 5.000000000000004441, 4.504844339512077411 ) ) ;
#1404 = AXIS2_PLACEMENT_3D ( 'NONE', #1305, #806, #104 ) ;
#1405 = DIRECTION ( 'NONE',  ( 0.000000000000000000, 0.000000000000000000, 1.000000000000000000 ) ) ;
#1406 = CARTESIAN_POINT ( 'NONE',  ( -3.015961735643312380, 10.00000000000000000, -11.31162641482906572 ) ) ;
#1407 = VECTOR ( 'NONE', #1990, 1000.000000000000000 ) ;
#1408 = DIRECTION ( 'NONE',  ( 0.000000000000000000, 1.000000000000000000, 0.000000000000000000 ) ) ;
#1409 = FACE_OUTER_BOUND ( 'NONE', #1937, .T. ) ;
#1410 = CALENDAR_DATE ( 2026, 11, 5 ) ;
#1411 = FACE_OUTER_BOUND ( 'NONE', #1169, .T. ) ;
#1412 = ORIENTED_EDGE ( 'NONE', *, *, #21, .F. ) ;
#1413 = CARTESIAN_POINT ( 'NONE',  ( -3.909157412340110049, 50.00000000000000000, -3.117449009293715712 ) ) ;
#1414 = APPROVAL ( #2140, 'UNSPECIFIED' ) ;
#1415 = CC_DESIGN_APPROVAL ( #2164, ( #557 ) ) ;
#1416 = CARTESIAN_POINT ( 'NONE',  ( 6.963364264060542652, 0.000000000000000000, -7.910657546926654682 ) ) ;
#1417 = EDGE_CURVE ( 'NONE', #74, #530, #829, .T. ) ;
#1418 = DIRECTION ( 'NONE',  ( 0.000000000000000000, 0.000000000000000000, -1.000000000000000000 ) ) ;
#1419 = DATE_AND_TIME ( #579, #2189 ) ;
#1420 = CARTESIAN_POINT ( 'NONE',  ( 12.48096642864992312, 0.000000000000000000, -2.046761405617074203 ) ) ;
#1421 = ORIENTED_EDGE ( 'NONE', *, *, #1728, .F. ) ;
#1422 = VERTEX_POINT ( 'NONE', #598 ) ;
#1423 = CARTESIAN_POINT ( 'NONE',  ( 9.381977789616371410, 5.000000000000004441, 4.981877622304785369 ) ) ;
#1424 = COORDINATED_UNIVERSAL_TIME_OFFSET ( 10, 0, .AHEAD. ) ;
#1425 = CARTESIAN_POINT ( 'NONE',  ( 0.000000000000000000, 50.00000000000000000, 0.000000000000000000 ) ) ;
#1426 = DIRECTION ( 'NONE',  ( 0.000000000000000000, -1.000000000000000000, 0.000000000000000000 ) ) ;
#1427 = VECTOR ( 'NONE', #562, 1000.000000000000114 ) ;
#1428 = AXIS2_PLACEMENT_3D ( 'NONE', #1226, #517, #894 ) ;
#1429 = CALENDAR_DATE ( 2026, 11, 5 ) ;
#1430 = CARTESIAN_POINT ( 'NONE',  ( 74.67797185538925930, 5.000000000000004441, -59.55369529038181753 ) ) ;
#1431 = ORIENTED_EDGE ( 'NONE', *, *, #1655, .T. ) ;
#1432 = ORIENTED_EDGE ( 'NONE', *, *, #1347, .F. ) ;
#1433 = DIRECTION ( 'NONE',  ( -0.000000000000000000, -1.000000000000000000, -0.000000000000000000 ) ) ;
#1434 = EDGE_CURVE ( 'NONE', #1498, #1086, #2167, .T. ) ;
#1435 = COORDINATED_UNIVERSAL_TIME_OFFSET ( 10, 0, .AHEAD. ) ;
#1436 = EDGE_CURVE ( 'NONE', #785, #530, #1661, .T. ) ;
#1437 = DIRECTION ( 'NONE',  ( -0.000000000000000000, -1.000000000000000000, -0.000000000000000000 ) ) ;
#1438 = DIRECTION ( 'NONE',  ( 0.4338837391175652813, 0.000000000000000000, -0.9009688679024157043 ) ) ;
#1439 = VECTOR ( 'NONE', #1926, 1000.000000000000000 ) ;
#1440 = APPLICATION_PROTOCOL_DEFINITION ( 'international standard', 'config_control_design', 1994, #479 ) ;
#1441 = DIRECTION ( 'NONE',  ( -0.4338837391175525693, -0.000000000000000000, -0.9009688679024218105 ) ) ;
#1442 = ORIENTED_EDGE ( 'NONE', *, *, #1669, .T. ) ;
#1443 = ORIENTED_EDGE ( 'NONE', *, *, #2151, .T. ) ;
#1444 = DIRECTION ( 'NONE',  ( 0.4338837391175652813, -0.000000000000000000, -0.9009688679024157043 ) ) ;
#1445 = DATE_AND_TIME ( #1470, #864 ) ;
#1446 = DIRECTION ( 'NONE',  ( -0.000000000000000000, -1.000000000000000000, -0.000000000000000000 ) ) ;
#1447 = CARTESIAN_POINT ( 'NONE',  ( 3.830222215594896618, 50.00000000000000000, -3.213938048432689598 ) ) ;
#1448 = EDGE_CURVE ( 'NONE', #841, #2004, #949, .T. ) ;
#1449 = APPLICATION_PROTOCOL_DEFINITION ( 'international standard', 'config_control_design', 1994, #1499 ) ;
#1450 = CARTESIAN_POINT ( 'NONE',  ( 43.57574156824877321, 5.000000000000004441, 84.99762849604186954 ) ) ;
#1451 = VERTEX_POINT ( 'NONE', #1978 ) ;
#1452 = EDGE_LOOP ( 'NONE', ( #865, #1233, #430, #1711 ) ) ;
#1453 = DIRECTION ( 'NONE',  ( 0.9996891820008166896, 0.000000000000000000, -0.02493069173805870578 ) ) ;
#1454 = EDGE_CURVE ( 'NONE', #8, #453, #781, .T. ) ;
#1455 = APPROVAL_ROLE ( '' ) ;
#1456 = CIRCLE ( 'NONE', #2020, 95.00000000000000000 ) ;
#1457 = DIRECTION ( 'NONE',  ( -0.9690772862290802925, 0.000000000000000000, 0.2467573976902841526 ) ) ;
#1458 = DIRECTION ( 'NONE',  ( 0.000000000000000000, 0.000000000000000000, 1.000000000000000000 ) ) ;
#1459 = CIRCLE ( 'NONE', #1917, 4.999999999999999112 ) ;
#1460 = PERSON_AND_ORGANIZATION ( #323, #1977 ) ;
#1461 = DIRECTION ( 'NONE',  ( 0.000000000000000000, -1.000000000000000000, -0.000000000000000000 ) ) ;
#1462 = AXIS2_PLACEMENT_3D ( 'NONE', #2043, #165, #995 ) ;
#1463 = APPROVAL_PERSON_ORGANIZATION ( #254, #1221, #1455 ) ;
#1464 = VECTOR ( 'NONE', #20, 1000.000000000000000 ) ;
#1465 = ORIENTED_EDGE ( 'NONE', *, *, #27, .F. ) ;
#1466 = ORIENTED_EDGE ( 'NONE', *, *, #2055, .T. ) ;
#1467 = FACE_OUTER_BOUND ( 'NONE', #1567, .T. ) ;
#1468 = ORIENTED_EDGE ( 'NONE', *, *, #519, .F. ) ;
#1469 = PRODUCT_DEFINITION_SHAPE ( 'NONE', 'NONE',  #2193 ) ;
#1470 = CALENDAR_DATE ( 2026, 11, 5 ) ;
#1471 = CYLINDRICAL_SURFACE ( 'NONE', #2011, 5.000000000000000888 ) ;
#1472 = CYLINDRICAL_SURFACE ( 'NONE', #1182, 4.999999999999999112 ) ;
#1473 = DIRECTION ( 'NONE',  ( 0.000000000000000000, 0.000000000000000000, 1.000000000000000000 ) ) ;
#1474 = CARTESIAN_POINT ( 'NONE',  ( 0.000000000000000000, 50.00000000000000000, 0.000000000000000000 ) ) ;
#1475 = ORIENTED_EDGE ( 'NONE', *, *, #162, .T. ) ;
#1476 = ORIENTED_EDGE ( 'NONE', *, *, #122, .T. ) ;
#1477 = FACE_OUTER_BOUND ( 'NONE', #493, .T. ) ;
#1478 = EDGE_LOOP ( 'NONE', ( #1134, #2186 ) ) ;
#1479 = CC_DESIGN_PERSON_AND_ORGANIZATION_ASSIGNMENT ( #586, #1281, ( #205 ) ) ;
#1480 = CARTESIAN_POINT ( 'NONE',  ( 93.62285236956211065, 5.000000000000004441, 18.92626791951151333 ) ) ;
#1481 = EDGE_CURVE ( 'NONE', #2018, #1971, #1676, .T. ) ;
#1482 = AXIS2_PLACEMENT_3D ( 'NONE', #2122, #1636, #1810 ) ;
#1483 = CARTESIAN_POINT ( 'NONE',  ( -74.67797185538840665, 50.00000000000000000, -59.55369529038286203 ) ) ;
#1484 = LINE ( 'NONE', #809, #267 ) ;
#1485 = EDGE_CURVE ( 'NONE', #322, #355, #2133, .T. ) ;
#1486 = PRODUCT_DEFINITION_FORMATION_WITH_SPECIFIED_SOURCE ( 'ANY', '', #1351, .NOT_KNOWN. ) ;
#1487 = DIRECTION ( 'NONE',  ( -0.000000000000000000, -1.000000000000000000, -0.000000000000000000 ) ) ;
#1488 = ORIENTED_EDGE ( 'NONE', *, *, #2081, .F. ) ;
#1489 = VERTEX_POINT ( 'NONE', #119 ) ;
#1490 = CYLINDRICAL_SURFACE ( 'NONE', #756, 4.999999999999999112 ) ;
#1491 = DIRECTION ( 'NONE',  ( -0.000000000000000000, -1.000000000000000000, -0.000000000000000000 ) ) ;
#1492 = ORIENTED_EDGE ( 'NONE', *, *, #1448, .F. ) ;
#1493 = ADVANCED_FACE ( 'NONE', ( #1808 ), #1016, .F. ) ;
#1494 = VECTOR ( 'NONE', #739, 1000.000000000000000 ) ;
#1495 = DIRECTION ( 'NONE',  ( 0.000000000000000000, -1.000000000000000000, 0.000000000000000000 ) ) ;
#1496 = CARTESIAN_POINT ( 'NONE',  ( 0.000000000000000000, 50.00000000000000000, 0.000000000000000000 ) ) ;
#1497 = CARTESIAN_POINT ( 'NONE',  ( 4.900862439242715141, 5.000000000000004441, 0.9907307159970064614 ) ) ;
#1498 = VERTEX_POINT ( 'NONE', #19 ) ;
#1499 = APPLICATION_CONTEXT ( 'configuration controlled 3d designs of mechanical parts and assemblies' ) ;
#1500 = AXIS2_PLACEMENT_3D ( 'NONE', #1295, #1274, #974 ) ;
#1501 = ORIENTED_EDGE ( 'NONE', *, *, #553, .F. ) ;
#1502 = CARTESIAN_POINT ( 'NONE',  ( -41.44314776894071173, 5.000000000000004441, 86.05758308351273911 ) ) ;
#1503 = CARTESIAN_POINT ( 'NONE',  ( 0.000000000000000000, 0.000000000000000000, 0.000000000000000000 ) ) ;
#1504 = VERTEX_POINT ( 'NONE', #360 ) ;
#1505 = APPROVAL_ROLE ( '' ) ;
#1506 = ADVANCED_FACE ( 'NONE', ( #1829 ), #525, .T. ) ;
#1507 = EDGE_CURVE ( 'NONE', #1451, #1040, #606, .T. ) ;
#1508 = AXIS2_PLACEMENT_3D ( 'NONE', #1346, #651, #1158 ) ;
#1509 = EDGE_CURVE ( 'NONE', #123, #2007, #646, .T. ) ;
#1510 = DIRECTION ( 'NONE',  ( 0.000000000000000000, 0.000000000000000000, 1.000000000000000000 ) ) ;
#1511 = CARTESIAN_POINT ( 'NONE',  ( 4.900862439242715141, 50.00000000000000000, 0.9907307159970060173 ) ) ;
#1512 = VERTEX_POINT ( 'NONE', #675 ) ;
#1513 = VERTEX_POINT ( 'NONE', #1329 ) ;
#1514 = CARTESIAN_POINT ( 'NONE',  ( -4.845386431145401573, 5.000000000000004441, 1.233786988451420097 ) ) ;
#1515 = DIRECTION ( 'NONE',  ( -0.000000000000000000, -1.000000000000000000, -0.000000000000000000 ) ) ;
#1516 = ORIENTED_EDGE ( 'NONE', *, *, #325, .F. ) ;
#1517 = AXIS2_PLACEMENT_3D ( 'NONE', #130, #120, #798 ) ;
#1518 = UNCERTAINTY_MEASURE_WITH_UNIT (LENGTH_MEASURE( 1.000000000000000082E-05 ), #1699, 'distance_accuracy_value', 'NONE');
#1519 = CYLINDRICAL_SURFACE ( 'NONE', #1287, 2.500000000000000444 ) ;
#1520 = CARTESIAN_POINT ( 'NONE',  ( 3.909157412340154014, 5.000000000000004441, -3.117449009293660644 ) ) ;
#1521 = ORIENTED_EDGE ( 'NONE', *, *, #1529, .T. ) ;
#1522 = LOCAL_TIME ( 15, 21, 43.00000000000000000, #1075 ) ;
#1523 = DIRECTION ( 'NONE',  ( 0.000000000000000000, 0.000000000000000000, -1.000000000000000000 ) ) ;
#1524 = CARTESIAN_POINT ( 'NONE',  ( 0.000000000000000000, 0.000000000000000000, 0.000000000000000000 ) ) ;
#1525 = VERTEX_POINT ( 'NONE', #690 ) ;
#1526 = EDGE_CURVE ( 'NONE', #2031, #1851, #1360, .T. ) ;
#1527 = ORIENTED_EDGE ( 'NONE', *, *, #1727, .F. ) ;
#1528 = PRODUCT_DEFINITION_SHAPE ( 'NONE', 'NONE',  #2192 ) ;
#1529 = EDGE_CURVE ( 'NONE', #636, #2066, #2000, .T. ) ;
#1530 = CARTESIAN_POINT ( 'NONE',  ( -8.600146307148348157, 10.00000000000000000, 5.858387820446070648 ) ) ;
#1531 = DIRECTION ( 'NONE',  ( 0.000000000000000000, 0.000000000000000000, -1.000000000000000000 ) ) ;
#1532 = ORIENTED_EDGE ( 'NONE', *, *, #700, .T. ) ;
#1533 = CARTESIAN_POINT ( 'NONE',  ( 0.000000000000000000, 0.000000000000000000, 0.000000000000000000 ) ) ;
#1534 = CARTESIAN_POINT ( 'NONE',  ( 0.000000000000000000, 10.00000000000000000, 8.499999999999998224 ) ) ;
#1535 = EDGE_CURVE ( 'NONE', #1513, #1805, #471, .T. ) ;
#1536 = EDGE_LOOP ( 'NONE', ( #1757, #364, #1402, #1767 ) ) ;
#1537 = VERTEX_POINT ( 'NONE', #1855 ) ;
#1538 = FACE_OUTER_BOUND ( 'NONE', #1691, .T. ) ;
#1539 = AXIS2_PLACEMENT_3D ( 'NONE', #1203, #832, #1875 ) ;
#1540 = LOCAL_TIME ( 15, 21, 43.00000000000000000, #1268 ) ;
#1541 = VECTOR ( 'NONE', #185, 1000.000000000000000 ) ;
#1542 = CARTESIAN_POINT ( 'NONE',  ( 0.000000000000000000, 5.000000000000004441, 0.000000000000000000 ) ) ;
#1543 = CARTESIAN_POINT ( 'NONE',  ( 12.48096642864992312, 10.00000000000000000, -4.546761405617074203 ) ) ;
#1544 = AXIS2_PLACEMENT_3D ( 'NONE', #1884, #532, #687 ) ;
#1545 = EDGE_CURVE ( 'NONE', #1498, #211, #1362, .T. ) ;
#1546 = ORIENTED_EDGE ( 'NONE', *, *, #1760, .F. ) ;
#1547 = CARTESIAN_POINT ( 'NONE',  ( -93.12190775065751325, 5.000000000000004441, 21.25446776684816186 ) ) ;
#1548 = ORIENTED_EDGE ( 'NONE', *, *, #1253, .F. ) ;
#1549 = VERTEX_POINT ( 'NONE', #349 ) ;
#1550 = LINE ( 'NONE', #698, #1328 ) ;
#1551 = CC_DESIGN_PERSON_AND_ORGANIZATION_ASSIGNMENT ( #850, #2188, ( #1571 ) ) ;
#1552 = CIRCLE ( 'NONE', #2003, 95.51671111996033403 ) ;
#1553 = CC_DESIGN_PERSON_AND_ORGANIZATION_ASSIGNMENT ( #2086, #750, ( #1351 ) ) ;
#1554 = DIRECTION ( 'NONE',  ( 0.000000000000000000, 0.000000000000000000, 1.000000000000000000 ) ) ;
#1555 = DIRECTION ( 'NONE',  ( 0.000000000000000000, 0.000000000000000000, -1.000000000000000000 ) ) ;
#1556 = ORIENTED_EDGE ( 'NONE', *, *, #189, .T. ) ;
#1557 = DIRECTION ( 'NONE',  ( 0.000000000000000000, 0.000000000000000000, 1.000000000000000000 ) ) ;
#1558 = EDGE_LOOP ( 'NONE', ( #1906, #764, #443, #186 ) ) ;
#1559 = CC_DESIGN_APPROVAL ( #994, ( #592 ) ) ;
#1560 = FACE_OUTER_BOUND ( 'NONE', #1619, .T. ) ;
#1561 = DIRECTION ( 'NONE',  ( -0.000000000000000000, -1.000000000000000000, -0.000000000000000000 ) ) ;
#1562 = CYLINDRICAL_SURFACE ( 'NONE', #1813, 2.500000000000000444 ) ;
#1563 = CARTESIAN_POINT ( 'NONE',  ( 2.169418695587764123, 5.000000000000004441, 4.504844339512109386 ) ) ;
#1564 = EDGE_LOOP ( 'NONE', ( #2139, #1193, #1266, #518 ) ) ;
#1565 = CIRCLE ( 'NONE', #1737, 2.500000000000002220 ) ;
#1566 = FACE_OUTER_BOUND ( 'NONE', #133, .T. ) ;
#1567 = EDGE_LOOP ( 'NONE', ( #239, #626, #1217, #1715 ) ) ;
#1568 = CARTESIAN_POINT ( 'NONE',  ( 12.48096642864992312, 0.000000000000000000, -4.546761405617074203 ) ) ;
#1569 = CIRCLE ( 'NONE', #2060, 5.000000000000000888 ) ;
#1570 = ADVANCED_FACE ( 'NONE', ( #2034 ), #340, .F. ) ;
#1571 = SECURITY_CLASSIFICATION ( '', '', #422 ) ;
#1572 = DIRECTION ( 'NONE',  ( 0.000000000000000000, 0.000000000000000000, 1.000000000000000000 ) ) ;
#1573 = CARTESIAN_POINT ( 'NONE',  ( 0.000000000000000000, 50.00000000000000000, 5.000000000000000888 ) ) ;
#1574 = CARTESIAN_POINT ( 'NONE',  ( -3.015961735643312380, 0.000000000000000000, -11.31162641482906572 ) ) ;
#1575 = ORIENTED_EDGE ( 'NONE', *, *, #2084, .T. ) ;
#1576 = EDGE_CURVE ( 'NONE', #2037, #1779, #1027, .T. ) ;
#1577 = APPROVAL_STATUS ( 'not_yet_approved' ) ;
#1578 = DIRECTION ( 'NONE',  ( 0.000000000000000000, -0.000000000000000000, 1.000000000000000000 ) ) ;
#1579 = ORIENTED_EDGE ( 'NONE', *, *, #1754, .F. ) ;
#1580 = CARTESIAN_POINT ( 'NONE',  ( 0.000000000000000000, 5.000000000000004441, 11.00000000000000000 ) ) ;
#1581 = EDGE_CURVE ( 'NONE', #41, #1422, #184, .T. ) ;
#1582 = LINE ( 'NONE', #1772, #1250 ) ;
#1583 = PLANE ( 'NONE',  #926 ) ;
#1584 = APPROVAL_ROLE ( '' ) ;
#1585 = CARTESIAN_POINT ( 'NONE',  ( -3.985662536114578103, 5.000000000000004441, -3.019022051627433090 ) ) ;
#1586 = VERTEX_POINT ( 'NONE', #1372 ) ;
#1587 = CIRCLE ( 'NONE', #30, 95.51671111996033403 ) ;
#1588 = PLANE ( 'NONE',  #866 ) ;
#1589 = LOCAL_TIME ( 15, 21, 43.00000000000000000, #1964 ) ;
#1590 = DATE_TIME_ROLE ( 'classification_date' ) ;
#1591 = ADVANCED_FACE ( 'NONE', ( #1353 ), #486, .F. ) ;
#1592 = DIRECTION ( 'NONE',  ( 0.000000000000000000, 1.000000000000000000, 0.000000000000000000 ) ) ;
#1593 = FACE_OUTER_BOUND ( 'NONE', #1222, .T. ) ;
#1594 = CARTESIAN_POINT ( 'NONE',  ( 0.000000000000000000, 5.000000000000004441, 5.000000000000000888 ) ) ;
#1595 = ORIENTED_EDGE ( 'NONE', *, *, #358, .F. ) ;
#1596 = ORIENTED_EDGE ( 'NONE', *, *, #463, .F. ) ;
#1597 = AXIS2_PLACEMENT_3D ( 'NONE', #867, #1717, #1220 ) ;
#1598 = EDGE_CURVE ( 'NONE', #172, #2124, #1672, .T. ) ;
#1599 = LINE ( 'NONE', #766, #1042 ) ;
#1600 = DATE_AND_TIME ( #1975, #1638 ) ;
#1601 = CARTESIAN_POINT ( 'NONE',  ( 0.000000000000000000, 0.000000000000000000, -95.00000000000000000 ) ) ;
#1602 = VECTOR ( 'NONE', #2065, 1000.000000000000000 ) ;
#1603 = EDGE_CURVE ( 'NONE', #964, #2010, #1394, .T. ) ;
#1604 = CARTESIAN_POINT ( 'NONE',  ( 0.000000000000000000, 10.00000000000000000, 11.00000000000000000 ) ) ;
#1605 = AXIS2_PLACEMENT_3D ( 'NONE', #1036, #1863, #1684 ) ;
#1606 = APPROVAL_DATE_TIME ( #1775, #527 ) ;
#1607 = DIRECTION ( 'NONE',  ( 0.000000000000000000, 1.000000000000000000, 0.000000000000000000 ) ) ;
#1608 = ORIENTED_EDGE ( 'NONE', *, *, #1061, .F. ) ;
#1609 = AXIS2_PLACEMENT_3D ( 'NONE', #942, #1453, #444 ) ;
#1610 = ORIENTED_EDGE ( 'NONE', *, *, #89, .F. ) ;
#1611 = DIRECTION ( 'NONE',  ( 0.000000000000000000, 0.000000000000000000, 1.000000000000000000 ) ) ;
#1612 = CALENDAR_DATE ( 2026, 11, 5 ) ;
#1613 = APPROVAL ( #72, 'UNSPECIFIED' ) ;
#1614 = DIRECTION ( 'NONE',  ( 0.000000000000000000, 0.000000000000000000, 1.000000000000000000 ) ) ;
#1615 = CARTESIAN_POINT ( 'NONE',  ( 0.000000000000000000, 5.000000000000004441, 0.000000000000000000 ) ) ;
#1616 = AXIS2_PLACEMENT_3D ( 'NONE', #314, #1142, #1473 ) ;
#1617 = PERSON_AND_ORGANIZATION ( #323, #1977 ) ;
#1618 = CARTESIAN_POINT ( 'NONE',  ( 0.000000000000000000, -5.000000000000000000, 0.000000000000000000 ) ) ;
#1619 = EDGE_LOOP ( 'NONE', ( #1476, #305, #15, #561 ) ) ;
#1620 = ORIENTED_EDGE ( 'NONE', *, *, #488, .T. ) ;
#1621 = DIRECTION ( 'NONE',  ( -0.4112871031306188363, 0.000000000000000000, 0.9115058523116699174 ) ) ;
#1622 = APPROVAL_ROLE ( '' ) ;
#1623 = CARTESIAN_POINT ( 'NONE',  ( -4.845386431145402462, 5.000000000000004441, 1.233786988451420763 ) ) ;
#1624 = DIRECTION ( 'NONE',  ( -0.000000000000000000, 1.000000000000000000, -0.000000000000000000 ) ) ;
#1625 = APPROVAL_STATUS ( 'not_yet_approved' ) ;
#1626 = LINE ( 'NONE', #1594, #426 ) ;
#1627 = VERTEX_POINT ( 'NONE', #506 ) ;
#1628 = ORIENTED_EDGE ( 'NONE', *, *, #1272, .F. ) ;
#1629 = FACE_BOUND ( 'NONE', #715, .T. ) ;
#1630 = VERTEX_POINT ( 'NONE', #328 ) ;
#1631 = MECHANICAL_CONTEXT ( 'NONE', #542, 'mechanical' ) ;
#1632 = PLANE ( 'NONE',  #2110 ) ;
#1633 = CARTESIAN_POINT ( 'NONE',  ( 0.000000000000000000, 5.000000000000004441, 0.000000000000000000 ) ) ;
#1634 = DIRECTION ( 'NONE',  ( -0.000000000000000000, 1.000000000000000000, -0.000000000000000000 ) ) ;
#1635 = AXIS2_PLACEMENT_3D ( 'NONE', #70, #1426, #40 ) ;
#1636 = DIRECTION ( 'NONE',  ( 0.000000000000000000, -1.000000000000000000, 0.000000000000000000 ) ) ;
#1637 = VECTOR ( 'NONE', #152, 1000.000000000000000 ) ;
#1638 = LOCAL_TIME ( 15, 21, 43.00000000000000000, #1291 ) ;
#1639 = CIRCLE ( 'NONE', #971, 95.51671111996033403 ) ;
#1640 = ORIENTED_EDGE ( 'NONE', *, *, #1750, .T. ) ;
#1641 = CC_DESIGN_DATE_AND_TIME_ASSIGNMENT ( #427, #1107, ( #2094 ) ) ;
#1642 = VERTEX_POINT ( 'NONE', #2021 ) ;
#1643 = DIRECTION ( 'NONE',  ( 0.000000000000000000, -1.000000000000000000, -0.000000000000000000 ) ) ;
#1644 = ADVANCED_FACE ( 'NONE', ( #1006 ), #1519, .F. ) ;
#1645 = AXIS2_PLACEMENT_3D ( 'NONE', #2138, #252, #777 ) ;
#1646 = ORIENTED_EDGE ( 'NONE', *, *, #1309, .F. ) ;
#1647 = EDGE_CURVE ( 'NONE', #1974, #1053, #969, .T. ) ;
#1648 = DIRECTION ( 'NONE',  ( -0.000000000000000000, 1.000000000000000000, -0.000000000000000000 ) ) ;
#1649 = DIRECTION ( 'NONE',  ( 0.000000000000000000, 0.000000000000000000, 1.000000000000000000 ) ) ;
#1650 = DIRECTION ( 'NONE',  ( -0.9749279121818227312, 0.000000000000000000, -0.2225209339563182231 ) ) ;
#1651 = DIRECTION ( 'NONE',  ( 0.9801724878485430503, 0.000000000000000000, 0.1981461431994014089 ) ) ;
#1652 = ORIENTED_EDGE ( 'NONE', *, *, #643, .T. ) ;
#1653 =( REPRESENTATION_RELATIONSHIP ('NONE','NONE', #376, #1189 ) REPRESENTATION_RELATIONSHIP_WITH_TRANSFORMATION ( #1931 )SHAPE_REPRESENTATION_RELATIONSHIP( ) );
#1654 = ORIENTED_EDGE ( 'NONE', *, *, #1598, .F. ) ;
#1655 = EDGE_CURVE ( 'NONE', #1766, #813, #1072, .T. ) ;
#1656 = DIRECTION ( 'NONE',  ( 0.000000000000000000, 1.000000000000000000, 0.000000000000000000 ) ) ;
#1657 = ORIENTED_EDGE ( 'NONE', *, *, #113, .T. ) ;
#1658 = ADVANCED_FACE ( 'NONE', ( #543 ), #36, .F. ) ;
#1659 = COORDINATED_UNIVERSAL_TIME_OFFSET ( 10, 0, .AHEAD. ) ;
#1660 = AXIS2_PLACEMENT_3D ( 'NONE', #295, #976, #2168 ) ;
#1661 = LINE ( 'NONE', #1954, #1845 ) ;
#1662 = DIRECTION ( 'NONE',  ( -0.000000000000000000, -1.000000000000000000, -0.000000000000000000 ) ) ;
#1663 = FACE_OUTER_BOUND ( 'NONE', #1452, .T. ) ;
#1664 = ORIENTED_EDGE ( 'NONE', *, *, #1371, .F. ) ;
#1665 = ORIENTED_EDGE ( 'NONE', *, *, #167, .F. ) ;
#1666 = LINE ( 'NONE', #1502, #1273 ) ;
#1667 = CARTESIAN_POINT ( 'NONE',  ( 0.000000000000000000, 50.00000000000000000, 0.000000000000000000 ) ) ;
#1668 = ORIENTED_EDGE ( 'NONE', *, *, #880, .F. ) ;
#1669 = EDGE_CURVE ( 'NONE', #2109, #522, #1236, .T. ) ;
#1670 = CIRCLE ( 'NONE', #782, 4.999999999999999112 ) ;
#1671 = CIRCLE ( 'NONE', #1597, 95.51671111996033403 ) ;
#1672 = LINE ( 'NONE', #2177, #1811 ) ;
#1673 = DIRECTION ( 'NONE',  ( 0.000000000000000000, 0.000000000000000000, 1.000000000000000000 ) ) ;
#1674 = DIRECTION ( 'NONE',  ( -0.000000000000000000, -1.000000000000000000, -0.000000000000000000 ) ) ;
#1675 = ORIENTED_EDGE ( 'NONE', *, *, #977, .F. ) ;
#1676 = CIRCLE ( 'NONE', #644, 2.499999999999999556 ) ;
#1677 = VERTEX_POINT ( 'NONE', #1886 ) ;
#1678 = CARTESIAN_POINT ( 'NONE',  ( 3.830222215594896618, 5.000000000000004441, -3.213938048432689598 ) ) ;
#1679 = VECTOR ( 'NONE', #851, 1000.000000000000114 ) ;
#1680 = CARTESIAN_POINT ( 'NONE',  ( 0.000000000000000000, 0.000000000000000000, 0.000000000000000000 ) ) ;
#1681 = LOCAL_TIME ( 15, 21, 43.00000000000000000, #1659 ) ;
#1682 = ORIENTED_EDGE ( 'NONE', *, *, #489, .T. ) ;
#1683 = VECTOR ( 'NONE', #48, 1000.000000000000000 ) ;
#1684 = DIRECTION ( 'NONE',  ( 0.000000000000000000, 0.000000000000000000, 1.000000000000000000 ) ) ;
#1685 = CARTESIAN_POINT ( 'NONE',  ( 4.874639560909112213, 5.000000000000004441, 1.112604669781591227 ) ) ;
#1686 = ORIENTED_EDGE ( 'NONE', *, *, #2117, .F. ) ;
#1687 = EDGE_CURVE ( 'NONE', #161, #1241, #1395, .T. ) ;
#1688 = DIRECTION ( 'NONE',  ( 0.000000000000000000, 0.000000000000000000, 1.000000000000000000 ) ) ;
#1689 = DIRECTION ( 'NONE',  ( 0.000000000000000000, 0.000000000000000000, 1.000000000000000000 ) ) ;
#1690 = EDGE_LOOP ( 'NONE', ( #63, #1380, #492, #1665 ) ) ;
#1691 = EDGE_LOOP ( 'NONE', ( #1718, #101, #1915, #1857 ) ) ;
#1692 = AXIS2_PLACEMENT_3D ( 'NONE', #1809, #1662, #1153 ) ;
#1693 = PERSON_AND_ORGANIZATION_ROLE ( 'classification_officer' ) ;
#1694 = CARTESIAN_POINT ( 'NONE',  ( -3.015961735643312380, 10.00000000000000000, -13.81162641482906750 ) ) ;
#1695 = DIRECTION ( 'NONE',  ( 0.000000000000000000, 0.000000000000000000, 1.000000000000000000 ) ) ;
#1696 = EDGE_CURVE ( 'NONE', #753, #457, #11, .T. ) ;
#1697 = ORIENTED_EDGE ( 'NONE', *, *, #795, .T. ) ;
#1698 = SECURITY_CLASSIFICATION ( '', '', #950 ) ;
#1699 =( LENGTH_UNIT ( ) NAMED_UNIT ( * ) SI_UNIT ( .MILLI., .METRE. ) );
#1700 = DIRECTION ( 'NONE',  ( 0.000000000000000000, -1.000000000000000000, -0.000000000000000000 ) ) ;
#1701 = VERTEX_POINT ( 'NONE', #555 ) ;
#1702 = DIRECTION ( 'NONE',  ( 0.7818314824680221431, -0.000000000000000000, 0.6234898018587430313 ) ) ;
#1703 = EDGE_CURVE ( 'NONE', #2015, #1489, #1225, .T. ) ;
#1704 = CARTESIAN_POINT ( 'NONE',  ( 0.000000000000000000, 5.000000000000004441, 0.000000000000000000 ) ) ;
#1705 = CARTESIAN_POINT ( 'NONE',  ( -0.1246534586902909719, 5.000000000000004441, -4.998445910004082116 ) ) ;
#1706 = CIRCLE ( 'NONE', #1208, 2.499999999999999556 ) ;
#1707 = ORIENTED_EDGE ( 'NONE', *, *, #1888, .F. ) ;
#1708 = CARTESIAN_POINT ( 'NONE',  ( -8.600146307148348157, 5.000000000000004441, 5.858387820446070648 ) ) ;
#1709 = EDGE_CURVE ( 'NONE', #123, #161, #1327, .T. ) ;
#1710 = ORIENTED_EDGE ( 'NONE', *, *, #700, .F. ) ;
#1711 = ORIENTED_EDGE ( 'NONE', *, *, #1044, .T. ) ;
#1712 = DIRECTION ( 'NONE',  ( 0.7818314824680222541, 0.000000000000000000, 0.6234898018587430313 ) ) ;
#1713 = DIRECTION ( 'NONE',  ( 0.000000000000000000, 0.000000000000000000, 1.000000000000000000 ) ) ;
#1714 = CARTESIAN_POINT ( 'NONE',  ( -3.909157412340110049, 50.00000000000000000, -3.117449009293715712 ) ) ;
#1715 = ORIENTED_EDGE ( 'NONE', *, *, #1841, .T. ) ;
#1716 = DIRECTION ( 'NONE',  ( 1.000000000000000000, 0.000000000000000000, 0.000000000000000000 ) ) ;
#1717 = DIRECTION ( 'NONE',  ( 0.000000000000000000, 1.000000000000000000, 0.000000000000000000 ) ) ;
#1718 = ORIENTED_EDGE ( 'NONE', *, *, #508, .T. ) ;
#1719 = DIRECTION ( 'NONE',  ( -0.000000000000000000, 1.000000000000000000, -0.000000000000000000 ) ) ;
#1720 = CIRCLE ( 'NONE', #1338, 100.0000000000000000 ) ;
#1721 = LINE ( 'NONE', #1732, #791 ) ;
#1722 = DIRECTION ( 'NONE',  ( 0.000000000000000000, -1.000000000000000000, 0.000000000000000000 ) ) ;
#1723 = PLANE ( 'NONE',  #713 ) ;
#1724 = ORIENTED_EDGE ( 'NONE', *, *, #1303, .T. ) ;
#1725 = CARTESIAN_POINT ( 'NONE',  ( -2.056435515653094903, 5.000000000000004441, 4.557529261558349809 ) ) ;
#1726 = EDGE_LOOP ( 'NONE', ( #1256, #920 ) ) ;
#1727 = EDGE_CURVE ( 'NONE', #1834, #1766, #893, .T. ) ;
#1728 = EDGE_CURVE ( 'NONE', #1627, #1961, #1721, .T. ) ;
#1729 = CYLINDRICAL_SURFACE ( 'NONE', #1116, 2.499999999999999556 ) ;
#1730 = EDGE_CURVE ( 'NONE', #2037, #1009, #554, .T. ) ;
#1731 = EDGE_CURVE ( 'NONE', #1834, #1879, #1952, .T. ) ;
#1732 = CARTESIAN_POINT ( 'NONE',  ( 2.169418695587764123, 5.000000000000004441, 4.504844339512109386 ) ) ;
#1733 = FACE_BOUND ( 'NONE', #801, .T. ) ;
#1734 = DIRECTION ( 'NONE',  ( 0.000000000000000000, 0.000000000000000000, 1.000000000000000000 ) ) ;
#1735 = DIRECTION ( 'NONE',  ( 0.000000000000000000, 0.000000000000000000, -1.000000000000000000 ) ) ;
#1736 = DIRECTION ( 'NONE',  ( 0.000000000000000000, 0.000000000000000000, 1.000000000000000000 ) ) ;
#1737 = AXIS2_PLACEMENT_3D ( 'NONE', #1191, #1357, #309 ) ;
#1738 = CYLINDRICAL_SURFACE ( 'NONE', #746, 2.500000000000000444 ) ;
#1739 = MANIFOLD_SOLID_BREP ( 'Cut-Extrude5', #54 ) ;
#1740 = ORIENTED_EDGE ( 'NONE', *, *, #643, .F. ) ;
#1741 = DIRECTION ( 'NONE',  ( -0.000000000000000000, 1.000000000000000000, -0.000000000000000000 ) ) ;
#1742 = CIRCLE ( 'NONE', #1635, 2.500000000000002220 ) ;
#1743 = VECTOR ( 'NONE', #668, 1000.000000000000000 ) ;
#1744 = VECTOR ( 'NONE', #2022, 1000.000000000000000 ) ;
#1745 = CARTESIAN_POINT ( 'NONE',  ( -9.942375551532062872, 0.000000000000000000, -6.571220075378210623 ) ) ;
#1746 = CARTESIAN_POINT ( 'NONE',  ( -4.874639560909129088, 50.00000000000000000, 1.112604669781525280 ) ) ;
#1747 = CALENDAR_DATE ( 2026, 11, 5 ) ;
#1748 = DIRECTION ( 'NONE',  ( 0.000000000000000000, 0.000000000000000000, -1.000000000000000000 ) ) ;
#1749 = ORIENTED_EDGE ( 'NONE', *, *, #1341, .F. ) ;
#1750 = EDGE_CURVE ( 'NONE', #144, #322, #331, .T. ) ;
#1751 = DIRECTION ( 'NONE',  ( 0.000000000000000000, -0.000000000000000000, 1.000000000000000000 ) ) ;
#1752 = LINE ( 'NONE', #597, #301 ) ;
#1753 = CARTESIAN_POINT ( 'NONE',  ( 3.061616997868384620E-16, 0.000000000000000000, 13.50000000000000000 ) ) ;
#1754 = EDGE_CURVE ( 'NONE', #211, #2056, #1248, .T. ) ;
#1755 = DIRECTION ( 'NONE',  ( 0.000000000000000000, 1.000000000000000000, 0.000000000000000000 ) ) ;
#1756 = EDGE_LOOP ( 'NONE', ( #1349, #1431 ) ) ;
#1757 = ORIENTED_EDGE ( 'NONE', *, *, #1108, .F. ) ;
#1758 = DIRECTION ( 'NONE',  ( 0.000000000000000000, 0.000000000000000000, -1.000000000000000000 ) ) ;
#1759 = CC_DESIGN_SECURITY_CLASSIFICATION ( #592, ( #1486 ) ) ;
#1760 = EDGE_CURVE ( 'NONE', #1513, #144, #1202, .T. ) ;
#1761 = PERSON_AND_ORGANIZATION ( #323, #1977 ) ;
#1762 = DIRECTION ( 'NONE',  ( -0.9115058523116699174, 0.000000000000000000, -0.4112871031306188363 ) ) ;
#1763 = DIRECTION ( 'NONE',  ( -0.000000000000000000, -1.000000000000000000, -0.000000000000000000 ) ) ;
#1764 = PERSON_AND_ORGANIZATION_ROLE ( 'creator' ) ;
#1765 = CARTESIAN_POINT ( 'NONE',  ( 3.830222215594896618, 5.000000000000004441, -3.213938048432689598 ) ) ;
#1766 = VERTEX_POINT ( 'NONE', #382 ) ;
#1767 = ORIENTED_EDGE ( 'NONE', *, *, #818, .F. ) ;
#1768 = AXIS2_PLACEMENT_3D ( 'NONE', #1474, #1607, #951 ) ;
#1769 = DIRECTION ( 'NONE',  ( 0.000000000000000000, 1.000000000000000000, 0.000000000000000000 ) ) ;
#1770 = EDGE_CURVE ( 'NONE', #220, #1422, #1392, .T. ) ;
#1771 = COORDINATED_UNIVERSAL_TIME_OFFSET ( 10, 0, .AHEAD. ) ;
#1772 = CARTESIAN_POINT ( 'NONE',  ( 1.163414459189985643E-14, 0.000000000000000000, 95.00000000000000000 ) ) ;
#1773 = AXIS2_PLACEMENT_3D ( 'NONE', #621, #2119, #1783 ) ;
#1774 = DIRECTION ( 'NONE',  ( 0.000000000000000000, 0.000000000000000000, -1.000000000000000000 ) ) ;
#1775 = DATE_AND_TIME ( #2107, #1905 ) ;
#1776 = CARTESIAN_POINT ( 'NONE',  ( 2.169418695587764123, 5.000000000000004441, 4.504844339512109386 ) ) ;
#1777 = ORIENTED_EDGE ( 'NONE', *, *, #742, .T. ) ;
#1778 = AXIS2_PLACEMENT_3D ( 'NONE', #285, #1146, #638 ) ;
#1779 = VERTEX_POINT ( 'NONE', #370 ) ;
#1780 = CARTESIAN_POINT ( 'NONE',  ( 2.169418695587764123, 50.00000000000000000, 4.504844339512109386 ) ) ;
#1781 = SECURITY_CLASSIFICATION_LEVEL ( 'unclassified' ) ;
#1782 = DIRECTION ( 'NONE',  ( 0.000000000000000000, 0.000000000000000000, -1.000000000000000000 ) ) ;
#1783 = DIRECTION ( 'NONE',  ( 0.000000000000000000, 0.000000000000000000, 1.000000000000000000 ) ) ;
#1784 = CIRCLE ( 'NONE', #731, 2.500000000000000444 ) ;
#1785 = PERSON_AND_ORGANIZATION_ROLE ( 'creator' ) ;
#1786 = DIRECTION ( 'NONE',  ( 0.000000000000000000, 0.000000000000000000, -1.000000000000000000 ) ) ;
#1787 = EDGE_LOOP ( 'NONE', ( #271, #1610 ) ) ;
#1788 = VERTEX_POINT ( 'NONE', #1057 ) ;
#1789 = CARTESIAN_POINT ( 'NONE',  ( 43.57574156824877321, 50.00000000000000000, 84.99762849604186954 ) ) ;
#1790 = ORIENTED_EDGE ( 'NONE', *, *, #1703, .F. ) ;
#1791 = ADVANCED_FACE ( 'NONE', ( #1538 ), #1729, .F. ) ;
#1792 = PERSON_AND_ORGANIZATION_ROLE ( 'design_owner' ) ;
#1793 = CARTESIAN_POINT ( 'NONE',  ( 0.000000000000000000, 50.00000000000000000, 0.000000000000000000 ) ) ;
#1794 = CC_DESIGN_PERSON_AND_ORGANIZATION_ASSIGNMENT ( #1969, #451, ( #557 ) ) ;
#1795 = PRODUCT_DEFINITION_SHAPE ( 'NONE', 'NONE',  #205 ) ;
#1796 = DIRECTION ( 'NONE',  ( 0.000000000000000000, 1.000000000000000000, 0.000000000000000000 ) ) ;
#1797 = CARTESIAN_POINT ( 'NONE',  ( 4.874639560909112213, 50.00000000000000000, 1.112604669781591227 ) ) ;
#1798 = DATE_AND_TIME ( #1297, #816 ) ;
#1799 = PLANE ( 'NONE',  #625 ) ;
#1800 = ORIENTED_EDGE ( 'NONE', *, *, #489, .F. ) ;
#1801 = APPLICATION_CONTEXT ( 'configuration controlled 3d designs of mechanical parts and assemblies' ) ;
#1802 = ORIENTED_EDGE ( 'NONE', *, *, #468, .F. ) ;
#1803 = ADVANCED_FACE ( 'NONE', ( #391 ), #35, .F. ) ;
#1804 = DIRECTION ( 'NONE',  ( -0.000000000000000000, -1.000000000000000000, -0.000000000000000000 ) ) ;
#1805 = VERTEX_POINT ( 'NONE', #891 ) ;
#1806 = DATE_AND_TIME ( #933, #1589 ) ;
#1807 = CARTESIAN_POINT ( 'NONE',  ( 2.281053286765788002, 50.00000000000000000, 4.449359044057356272 ) ) ;
#1808 = FACE_OUTER_BOUND ( 'NONE', #99, .T. ) ;
#1809 = CARTESIAN_POINT ( 'NONE',  ( -3.015961735643312380, 10.00000000000000000, -11.31162641482906572 ) ) ;
#1810 = DIRECTION ( 'NONE',  ( 0.000000000000000000, 0.000000000000000000, -1.000000000000000000 ) ) ;
#1811 = VECTOR ( 'NONE', #497, 1000.000000000000000 ) ;
#1812 = CC_DESIGN_APPROVAL ( #1414, ( #205 ) ) ;
#1813 = AXIS2_PLACEMENT_3D ( 'NONE', #507, #1049, #1555 ) ;
#1814 = ORIENTED_EDGE ( 'NONE', *, *, #251, .F. ) ;
#1815 = ORIENTED_EDGE ( 'NONE', *, *, #1197, .F. ) ;
#1816 = CARTESIAN_POINT ( 'NONE',  ( 0.000000000000000000, 5.000000000000004441, 0.000000000000000000 ) ) ;
#1817 = VECTOR ( 'NONE', #814, 1000.000000000000000 ) ;
#1818 = ORIENTED_EDGE ( 'NONE', *, *, #151, .F. ) ;
#1819 = DIRECTION ( 'NONE',  ( 0.000000000000000000, 0.000000000000000000, 1.000000000000000000 ) ) ;
#1820 = CARTESIAN_POINT ( 'NONE',  ( -4.874639560909129088, 5.000000000000004441, 1.112604669781525280 ) ) ;
#1821 = DIRECTION ( 'NONE',  ( 0.000000000000000000, 0.000000000000000000, -1.000000000000000000 ) ) ;
#1822 = ADVANCED_FACE ( 'NONE', ( #1560 ), #2071, .T. ) ;
#1823 = AXIS2_PLACEMENT_3D ( 'NONE', #50, #224, #243 ) ;
#1824 = ORIENTED_EDGE ( 'NONE', *, *, #1096, .F. ) ;
#1825 = ORIENTED_EDGE ( 'NONE', *, *, #576, .T. ) ;
#1826 = CARTESIAN_POINT ( 'NONE',  ( 4.874639560909112213, 5.000000000000004441, 1.112604669781591227 ) ) ;
#1827 = FACE_OUTER_BOUND ( 'NONE', #454, .T. ) ;
#1828 = ORIENTED_EDGE ( 'NONE', *, *, #946, .T. ) ;
#1829 = FACE_OUTER_BOUND ( 'NONE', #2111, .T. ) ;
#1830 = FACE_OUTER_BOUND ( 'NONE', #528, .T. ) ;
#1831 = APPROVAL_PERSON_ORGANIZATION ( #918, #618, #1935 ) ;
#1832 = CARTESIAN_POINT ( 'NONE',  ( 0.000000000000000000, 50.00000000000000000, 0.000000000000000000 ) ) ;
#1833 = VERTEX_POINT ( 'NONE', #1568 ) ;
#1834 = VERTEX_POINT ( 'NONE', #1862 ) ;
#1835 = CARTESIAN_POINT ( 'NONE',  ( 12.48096642864992312, 10.00000000000000000, -2.046761405617074203 ) ) ;
#1836 = DIRECTION ( 'NONE',  ( -0.000000000000000000, -1.000000000000000000, -0.000000000000000000 ) ) ;
#1837 = ORIENTED_EDGE ( 'NONE', *, *, #1292, .F. ) ;
#1838 = CC_DESIGN_PERSON_AND_ORGANIZATION_ASSIGNMENT ( #1460, #757, ( #1698 ) ) ;
#1839 = APPROVAL_STATUS ( 'not_yet_approved' ) ;
#1840 = VECTOR ( 'NONE', #1320, 1000.000000000000000 ) ;
#1841 = EDGE_CURVE ( 'NONE', #593, #199, #346, .T. ) ;
#1842 = DIRECTION ( 'NONE',  ( 0.000000000000000000, 0.000000000000000000, 1.000000000000000000 ) ) ;
#1843 = DIRECTION ( 'NONE',  ( 0.000000000000000000, 0.000000000000000000, -1.000000000000000000 ) ) ;
#1844 = ORIENTED_EDGE ( 'NONE', *, *, #325, .T. ) ;
#1845 = VECTOR ( 'NONE', #268, 1000.000000000000000 ) ;
#1846 = ORIENTED_EDGE ( 'NONE', *, *, #2055, .F. ) ;
#1847 = CARTESIAN_POINT ( 'NONE',  ( 0.000000000000000000, 50.00000000000000000, 0.000000000000000000 ) ) ;
#1848 = DIRECTION ( 'NONE',  ( 0.000000000000000000, 0.000000000000000000, -1.000000000000000000 ) ) ;
#1849 = LOCAL_TIME ( 15, 21, 43.00000000000000000, #1181 ) ;
#1850 = VERTEX_POINT ( 'NONE', #1234 ) ;
#1851 = VERTEX_POINT ( 'NONE', #1874 ) ;
#1852 = CALENDAR_DATE ( 2026, 11, 5 ) ;
#1853 = AXIS2_PLACEMENT_3D ( 'NONE', #1580, #58, #1026 ) ;
#1854 = PRODUCT ( 'base', 'base', '', ( #1631 ) ) ;
#1855 = CARTESIAN_POINT ( 'NONE',  ( -8.600146307148348157, 0.000000000000000000, 3.358387820446070648 ) ) ;
#1856 = CARTESIAN_POINT ( 'NONE',  ( 0.000000000000000000, -5.000000000000000000, -100.0000000000000000 ) ) ;
#1857 = ORIENTED_EDGE ( 'NONE', *, *, #128, .F. ) ;
#1858 = DIRECTION ( 'NONE',  ( 0.9749279121818257288, -0.000000000000000000, -0.2225209339563050115 ) ) ;
#1859 = CARTESIAN_POINT ( 'NONE',  ( 9.381977789616371410, 0.000000000000000000, 7.481877622304784481 ) ) ;
#1860 = ORIENTED_EDGE ( 'NONE', *, *, #189, .F. ) ;
#1861 = EDGE_LOOP ( 'NONE', ( #272, #848 ) ) ;
#1862 = CARTESIAN_POINT ( 'NONE',  ( 1.224646799147353217E-14, 50.00000000000000000, 100.0000000000000000 ) ) ;
#1863 = DIRECTION ( 'NONE',  ( -0.000000000000000000, 1.000000000000000000, -0.000000000000000000 ) ) ;
#1864 = FACE_OUTER_BOUND ( 'NONE', #568, .T. ) ;
#1865 = VECTOR ( 'NONE', #107, 1000.000000000000000 ) ;
#1866 = CC_DESIGN_DATE_AND_TIME_ASSIGNMENT ( #1806, #103, ( #1698 ) ) ;
#1867 = ORIENTED_EDGE ( 'NONE', *, *, #1535, .T. ) ;
#1868 = CC_DESIGN_APPROVAL ( #527, ( #1486 ) ) ;
#1869 = EDGE_CURVE ( 'NONE', #230, #57, #1550, .T. ) ;
#1870 = CARTESIAN_POINT ( 'NONE',  ( 0.000000000000000000, 0.000000000000000000, 0.000000000000000000 ) ) ;
#1871 = LINE ( 'NONE', #482, #998 ) ;
#1872 = EDGE_LOOP ( 'NONE', ( #999, #2170 ) ) ;
#1873 = EDGE_CURVE ( 'NONE', #316, #890, #1066, .T. ) ;
#1874 = CARTESIAN_POINT ( 'NONE',  ( 3.830222215594895729, 5.000000000000004441, -3.213938048432689598 ) ) ;
#1875 = DIRECTION ( 'NONE',  ( 0.000000000000000000, 0.000000000000000000, 1.000000000000000000 ) ) ;
#1876 = CARTESIAN_POINT ( 'NONE',  ( -74.67797185538840665, 5.000000000000004441, -59.55369529038288334 ) ) ;
#1877 = VECTOR ( 'NONE', #2047, 1000.000000000000000 ) ;
#1878 = EDGE_CURVE ( 'NONE', #902, #2101, #1151, .T. ) ;
#1879 = VERTEX_POINT ( 'NONE', #2082 ) ;
#1880 = LINE ( 'NONE', #210, #1494 ) ;
#1881 = ORIENTED_EDGE ( 'NONE', *, *, #716, .F. ) ;
#1882 = CIRCLE ( 'NONE', #966, 2.500000000000000444 ) ;
#1883 = VERTEX_POINT ( 'NONE', #733 ) ;
#1884 = CARTESIAN_POINT ( 'NONE',  ( 9.381977789616371410, 10.00000000000000000, 7.481877622304784481 ) ) ;
#1885 = DESIGN_CONTEXT ( 'detailed design', #772, 'design' ) ;
#1886 = CARTESIAN_POINT ( 'NONE',  ( -39.28479141709264866, 5.000000000000004441, 87.06404117940699905 ) ) ;
#1887 = FACE_BOUND ( 'NONE', #682, .T. ) ;
#1888 = EDGE_CURVE ( 'NONE', #1314, #306, #17, .T. ) ;
#1889 = DIRECTION ( 'NONE',  ( 0.9009688679024218105, 0.000000000000000000, -0.4338837391175525138 ) ) ;
#1890 = ORIENTED_EDGE ( 'NONE', *, *, #1912, .F. ) ;
#1891 = ADVANCED_FACE ( 'NONE', ( #859 ), #357, .F. ) ;
#1892 = AXIS2_PLACEMENT_3D ( 'NONE', #1386, #888, #1735 ) ;
#1893 = CARTESIAN_POINT ( 'NONE',  ( 0.000000000000000000, 50.00000000000000000, -5.000000000000000000 ) ) ;
#1894 = LINE ( 'NONE', #2087, #1389 ) ;
#1895 = ADVANCED_FACE ( 'NONE', ( #1629, #1267 ), #1940, .T. ) ;
#1896 = ORIENTED_EDGE ( 'NONE', *, *, #1731, .F. ) ;
#1897 = CARTESIAN_POINT ( 'NONE',  ( -2.381297680764934643, 5.000000000000004441, -95.48702280692144484 ) ) ;
#1898 = CIRCLE ( 'NONE', #1823, 2.499999999999999556 ) ;
#1899 = VECTOR ( 'NONE', #498, 1000.000000000000114 ) ;
#1900 = DIRECTION ( 'NONE',  ( -0.000000000000000000, 1.000000000000000000, -0.000000000000000000 ) ) ;
#1901 = DIRECTION ( 'NONE',  ( 0.000000000000000000, -1.000000000000000000, 0.000000000000000000 ) ) ;
#1902 = DIRECTION ( 'NONE',  ( -0.000000000000000000, 1.000000000000000000, -0.000000000000000000 ) ) ;
#1903 = ORIENTED_EDGE ( 'NONE', *, *, #488, .F. ) ;
#1904 = DIRECTION ( 'NONE',  ( 0.000000000000000000, 0.000000000000000000, -1.000000000000000000 ) ) ;
#1905 = LOCAL_TIME ( 15, 21, 43.00000000000000000, #927 ) ;
#1906 = ORIENTED_EDGE ( 'NONE', *, *, #1205, .F. ) ;
#1907 = DIRECTION ( 'NONE',  ( -0.7818314824680310249, -0.000000000000000000, 0.6234898018587320401 ) ) ;
#1908 = CARTESIAN_POINT ( 'NONE',  ( -9.942375551532062872, 10.00000000000000000, -6.571220075378210623 ) ) ;
#1909 = CARTESIAN_POINT ( 'NONE',  ( -2.056435515653093127, 5.000000000000004441, 4.557529261558349809 ) ) ;
#1910 = ADVANCED_FACE ( 'NONE', ( #788 ), #2090, .F. ) ;
#1911 = CARTESIAN_POINT ( 'NONE',  ( 0.000000000000000000, 5.000000000000004441, 0.000000000000000000 ) ) ;
#1912 = EDGE_CURVE ( 'NONE', #1630, #483, #724, .T. ) ;
#1913 = CALENDAR_DATE ( 2026, 11, 5 ) ;
#1914 = DIRECTION ( 'NONE',  ( -0.000000000000000000, 1.000000000000000000, -0.000000000000000000 ) ) ;
#1915 = ORIENTED_EDGE ( 'NONE', *, *, #903, .T. ) ;
#1916 = CARTESIAN_POINT ( 'NONE',  ( -3.015961735643312380, 0.000000000000000000, -13.81162641482906750 ) ) ;
#1917 = AXIS2_PLACEMENT_3D ( 'NONE', #495, #1168, #1689 ) ;
#1918 = VECTOR ( 'NONE', #725, 1000.000000000000000 ) ;
#1919 = ADVANCED_FACE ( 'NONE', ( #273 ), #411, .F. ) ;
#1920 = LOCAL_TIME ( 15, 21, 43.00000000000000000, #1771 ) ;
#1921 = AXIS2_PLACEMENT_3D ( 'NONE', #1909, #1762, #1118 ) ;
#1922 = DIRECTION ( 'NONE',  ( 0.000000000000000000, 0.000000000000000000, -1.000000000000000000 ) ) ;
#1923 = AXIS2_PLACEMENT_3D ( 'NONE', #1816, #158, #170 ) ;
#1924 = DIRECTION ( 'NONE',  ( 0.9009688679024157043, 0.000000000000000000, 0.4338837391175652813 ) ) ;
#1925 = COORDINATED_UNIVERSAL_TIME_OFFSET ( 10, 0, .AHEAD. ) ;
#1926 = DIRECTION ( 'NONE',  ( -0.000000000000000000, 1.000000000000000000, -0.000000000000000000 ) ) ;
#1927 = ORIENTED_EDGE ( 'NONE', *, *, #66, .T. ) ;
#1928 = EDGE_CURVE ( 'NONE', #8, #1512, #1008, .T. ) ;
#1929 = ORIENTED_EDGE ( 'NONE', *, *, #183, .T. ) ;
#1930 = DIRECTION ( 'NONE',  ( 0.000000000000000000, -1.000000000000000000, 0.000000000000000000 ) ) ;
#1931 = ITEM_DEFINED_TRANSFORMATION ( 'NONE', 'NONE', #348,  #456 ) ;
#1932 = DIRECTION ( 'NONE',  ( 0.000000000000000000, 0.000000000000000000, 1.000000000000000000 ) ) ;
#1933 = CYLINDRICAL_SURFACE ( 'NONE', #77, 95.51671111996033403 ) ;
#1934 = PRODUCT_DEFINITION ( 'UNKNOWN', '', #557, #534 ) ;
#1935 = APPROVAL_ROLE ( '' ) ;
#1936 = CARTESIAN_POINT ( 'NONE',  ( 9.381977789616371410, 0.000000000000000000, 4.981877622304785369 ) ) ;
#1937 = EDGE_LOOP ( 'NONE', ( #283, #1790, #537, #1475 ) ) ;
#1938 = ORIENTED_EDGE ( 'NONE', *, *, #2123, .F. ) ;
#1939 = CIRCLE ( 'NONE', #914, 100.0000000000000000 ) ;
#1940 = PLANE ( 'NONE',  #438 ) ;
#1941 = CYLINDRICAL_SURFACE ( 'NONE', #291, 100.0000000000000000 ) ;
#1942 = CARTESIAN_POINT ( 'NONE',  ( 0.000000000000000000, 5.000000000000004441, 0.000000000000000000 ) ) ;
#1943 = MECHANICAL_CONTEXT ( 'NONE', #744, 'mechanical' ) ;
#1944 = DIRECTION ( 'NONE',  ( 0.000000000000000000, 1.000000000000000000, 0.000000000000000000 ) ) ;
#1945 = EDGE_LOOP ( 'NONE', ( #1289, #1818 ) ) ;
#1946 = EDGE_LOOP ( 'NONE', ( #722, #1379, #1867, #853 ) ) ;
#1947 = AXIS2_PLACEMENT_3D ( 'NONE', #1680, #991, #320 ) ;
#1948 = CARTESIAN_POINT ( 'NONE',  ( 6.963364264060542652, 0.000000000000000000, -10.41065754692665557 ) ) ;
#1949 = SHAPE_DEFINITION_REPRESENTATION ( #667, #1212 ) ;
#1950 = CARTESIAN_POINT ( 'NONE',  ( -93.12190775065751325, 5.000000000000004441, 21.25446776684816186 ) ) ;
#1951 = AXIS2_PLACEMENT_3D ( 'NONE', #1216, #52, #564 ) ;
#1952 = CIRCLE ( 'NONE', #1004, 100.0000000000000000 ) ;
#1953 = APPROVAL_PERSON_ORGANIZATION ( #1170, #830, #1505 ) ;
#1954 = CARTESIAN_POINT ( 'NONE',  ( 41.44314776893951091, 5.000000000000004441, 86.05758308351332175 ) ) ;
#1955 = PERSON_AND_ORGANIZATION ( #323, #1977 ) ;
#1956 = EDGE_CURVE ( 'NONE', #2109, #1210, #1960, .T. ) ;
#1957 = LINE ( 'NONE', #1776, #1198 ) ;
#1958 = ADVANCED_FACE ( 'NONE', ( #1100, #1290 ), #241, .T. ) ;
#1959 = ORIENTED_EDGE ( 'NONE', *, *, #1436, .T. ) ;
#1960 = CIRCLE ( 'NONE', #403, 2.500000000000000444 ) ;
#1961 = VERTEX_POINT ( 'NONE', #1780 ) ;
#1962 = CYLINDRICAL_SURFACE ( 'NONE', #1645, 95.51671111996033403 ) ;
#1963 = ADVANCED_FACE ( 'NONE', ( #1467 ), #1962, .F. ) ;
#1964 = COORDINATED_UNIVERSAL_TIME_OFFSET ( 10, 0, .AHEAD. ) ;
#1965 = DIRECTION ( 'NONE',  ( 0.000000000000000000, 0.000000000000000000, -1.000000000000000000 ) ) ;
#1966 = CARTESIAN_POINT ( 'NONE',  ( 0.000000000000000000, 0.000000000000000000, -95.00000000000000000 ) ) ;
#1967 = FACE_BOUND ( 'NONE', #1022, .T. ) ;
#1968 = ADVANCED_FACE ( 'NONE', ( #1242 ), #402, .F. ) ;
#1969 = PERSON_AND_ORGANIZATION ( #323, #1977 ) ;
#1970 = FACE_BOUND ( 'NONE', #1945, .T. ) ;
#1971 = VERTEX_POINT ( 'NONE', #1423 ) ;
#1972 = ORIENTED_EDGE ( 'NONE', *, *, #565, .T. ) ;
#1973 = DIRECTION ( 'NONE',  ( 0.000000000000000000, 0.000000000000000000, -1.000000000000000000 ) ) ;
#1974 = VERTEX_POINT ( 'NONE', #88 ) ;
#1975 = CALENDAR_DATE ( 2026, 11, 5 ) ;
#1976 = DIRECTION ( 'NONE',  ( -0.000000000000000000, -1.000000000000000000, -0.000000000000000000 ) ) ;
#1977 = ORGANIZATION ( 'UNSPECIFIED', 'UNSPECIFIED', '' ) ;
#1978 = CARTESIAN_POINT ( 'NONE',  ( 3.909157412340154014, 5.000000000000004441, -3.117449009293660644 ) ) ;
#1979 = CARTESIAN_POINT ( 'NONE',  ( 0.000000000000000000, 0.000000000000000000, 0.000000000000000000 ) ) ;
#1980 = CYLINDRICAL_SURFACE ( 'NONE', #311, 95.00000000000000000 ) ;
#1981 = EDGE_CURVE ( 'NONE', #1053, #1513, #1599, .T. ) ;
#1982 = VERTEX_POINT ( 'NONE', #76 ) ;
#1983 = ORIENTED_EDGE ( 'NONE', *, *, #1731, .T. ) ;
#1984 = DIRECTION ( 'NONE',  ( 0.7660444431189792347, 0.000000000000000000, -0.6427876096865379196 ) ) ;
#1985 = ORIENTED_EDGE ( 'NONE', *, *, #1481, .T. ) ;
#1986 = AXIS2_PLACEMENT_3D ( 'NONE', #237, #580, #2108 ) ;
#1987 = FACE_OUTER_BOUND ( 'NONE', #552, .T. ) ;
#1988 = EDGE_CURVE ( 'NONE', #1788, #1982, #2112, .T. ) ;
#1989 = FACE_BOUND ( 'NONE', #1359, .T. ) ;
#1990 = DIRECTION ( 'NONE',  ( -0.000000000000000000, -1.000000000000000000, -0.000000000000000000 ) ) ;
#1991 = AXIS2_PLACEMENT_3D ( 'NONE', #1633, #1152, #820 ) ;
#1992 = LINE ( 'NONE', #1497, #699 ) ;
#1993 = ORIENTED_EDGE ( 'NONE', *, *, #297, .F. ) ;
#1994 = ORIENTED_EDGE ( 'NONE', *, *, #881, .F. ) ;
#1995 = CARTESIAN_POINT ( 'NONE',  ( -76.13947541674090758, 50.00000000000000000, -57.67341143401748127 ) ) ;
#1996 = DIRECTION ( 'NONE',  ( 0.000000000000000000, 0.000000000000000000, 1.000000000000000000 ) ) ;
#1997 = AXIS2_PLACEMENT_3D ( 'NONE', #2160, #846, #1973 ) ;
#1998 = EDGE_CURVE ( 'NONE', #1180, #685, #256, .T. ) ;
#1999 = EDGE_LOOP ( 'NONE', ( #218, #910, #981, #674 ) ) ;
#2000 = LINE ( 'NONE', #176, #1743 ) ;
#2001 = CARTESIAN_POINT ( 'NONE',  ( 73.17004577844642199, 50.00000000000000000, -61.39695842591885366 ) ) ;
#2002 = CARTESIAN_POINT ( 'NONE',  ( 0.000000000000000000, 5.000000000000004441, -5.000000000000000000 ) ) ;
#2003 = AXIS2_PLACEMENT_3D ( 'NONE', #1425, #577, #1932 ) ;
#2004 = VERTEX_POINT ( 'NONE', #1789 ) ;
#2005 = CC_DESIGN_DATE_AND_TIME_ASSIGNMENT ( #778, #1590, ( #680 ) ) ;
#2006 = CIRCLE ( 'NONE', #1616, 5.000000000000000888 ) ;
#2007 = VERTEX_POINT ( 'NONE', #1916 ) ;
#2008 = FACE_BOUND ( 'NONE', #1188, .T. ) ;
#2009 = DIRECTION ( 'NONE',  ( 0.000000000000000000, 0.000000000000000000, -1.000000000000000000 ) ) ;
#2010 = VERTEX_POINT ( 'NONE', #954 ) ;
#2011 = AXIS2_PLACEMENT_3D ( 'NONE', #631, #972, #2152 ) ;
#2012 = DIRECTION ( 'NONE',  ( -0.000000000000000000, 1.000000000000000000, -0.000000000000000000 ) ) ;
#2013 = LINE ( 'NONE', #303, #448 ) ;
#2014 = EDGE_LOOP ( 'NONE', ( #296, #870, #670, #953 ) ) ;
#2015 = VERTEX_POINT ( 'NONE', #111 ) ;
#2016 = LINE ( 'NONE', #1514, #973 ) ;
#2017 = FACE_BOUND ( 'NONE', #650, .T. ) ;
#2018 = VERTEX_POINT ( 'NONE', #1079 ) ;
#2019 = DATE_AND_TIME ( #805, #1849 ) ;
#2020 = AXIS2_PLACEMENT_3D ( 'NONE', #1667, #1836, #2185 ) ;
#2021 = CARTESIAN_POINT ( 'NONE',  ( -41.44314776894071883, 50.00000000000000000, 86.05758308351273911 ) ) ;
#2022 = DIRECTION ( 'NONE',  ( -0.000000000000000000, -1.000000000000000000, -0.000000000000000000 ) ) ;
#2023 = ORIENTED_EDGE ( 'NONE', *, *, #1545, .T. ) ;
#2024 = AXIS2_PLACEMENT_3D ( 'NONE', #917, #394, #1734 ) ;
#2025 = CARTESIAN_POINT ( 'NONE',  ( 698.7559678584348148, 900.3218071558549127, 1382.847826447442912 ) ) ;
#2026 = AXIS2_PLACEMENT_3D ( 'NONE', #1034, #882, #723 ) ;
#2027 = CARTESIAN_POINT ( 'NONE',  ( 0.000000000000000000, 0.000000000000000000, 0.000000000000000000 ) ) ;
#2028 = APPROVAL_PERSON_ORGANIZATION ( #1090, #758, #1622 ) ;
#2029 = AXIS2_PLACEMENT_3D ( 'NONE', #29, #1363, #2063 ) ;
#2030 = ORIENTED_EDGE ( 'NONE', *, *, #1696, .F. ) ;
#2031 = VERTEX_POINT ( 'NONE', #231 ) ;
#2032 = CC_DESIGN_PERSON_AND_ORGANIZATION_ASSIGNMENT ( #1955, #440, ( #1010 ) ) ;
#2033 = ADVANCED_FACE ( 'NONE', ( #911 ), #1588, .F. ) ;
#2034 = FACE_OUTER_BOUND ( 'NONE', #790, .T. ) ;
#2035 = PLANE ( 'NONE',  #1428 ) ;
#2036 = ADVANCED_FACE ( 'NONE', ( #319 ), #469, .F. ) ;
#2037 = VERTEX_POINT ( 'NONE', #299 ) ;
#2038 = CARTESIAN_POINT ( 'NONE',  ( 0.000000000000000000, 50.00000000000000000, 0.000000000000000000 ) ) ;
#2039 = ORIENTED_EDGE ( 'NONE', *, *, #689, .F. ) ;
#2040 = ORIENTED_EDGE ( 'NONE', *, *, #1292, .T. ) ;
#2041 = CARTESIAN_POINT ( 'NONE',  ( 93.12190775065721482, 5.000000000000004441, 21.25446776684941952 ) ) ;
#2042 = ADVANCED_FACE ( 'NONE', ( #1477 ), #1001, .F. ) ;
#2043 = CARTESIAN_POINT ( 'NONE',  ( 0.000000000000000000, 10.00000000000000000, 11.00000000000000000 ) ) ;
#2044 = DIRECTION ( 'NONE',  ( -0.000000000000000000, 1.000000000000000000, -0.000000000000000000 ) ) ;
#2045 = EDGE_LOOP ( 'NONE', ( #511, #250, #521, #16 ) ) ;
#2046 = DIRECTION ( 'NONE',  ( 0.000000000000000000, 0.000000000000000000, 1.000000000000000000 ) ) ;
#2047 = DIRECTION ( 'NONE',  ( -0.000000000000000000, 1.000000000000000000, -0.000000000000000000 ) ) ;
#2048 = ORIENTED_EDGE ( 'NONE', *, *, #678, .F. ) ;
#2049 = ORIENTED_EDGE ( 'NONE', *, *, #491, .F. ) ;
#2050 = DIRECTION ( 'NONE',  ( 0.000000000000000000, 0.000000000000000000, -1.000000000000000000 ) ) ;
#2051 = ADVANCED_FACE ( 'NONE', ( #628 ), #334, .F. ) ;
#2052 = CARTESIAN_POINT ( 'NONE',  ( 0.000000000000000000, 5.000000000000004441, 0.000000000000000000 ) ) ;
#2053 = CYLINDRICAL_SURFACE ( 'NONE', #472, 4.999999999999999112 ) ;
#2054 = AXIS2_PLACEMENT_3D ( 'NONE', #567, #1064, #1904 ) ;
#2055 = EDGE_CURVE ( 'NONE', #1677, #1311, #541, .T. ) ;
#2056 = VERTEX_POINT ( 'NONE', #980 ) ;
#2057 = DIRECTION ( 'NONE',  ( 0.9693335548718333694, 0.000000000000000000, -0.2457487729359695561 ) ) ;
#2058 = PLANE ( 'NONE',  #1103 ) ;
#2059 = ORIENTED_EDGE ( 'NONE', *, *, #1110, .F. ) ;
#2060 = AXIS2_PLACEMENT_3D ( 'NONE', #632, #141, #1649 ) ;
#2061 = DIRECTION ( 'NONE',  ( -0.000000000000000000, 1.000000000000000000, -0.000000000000000000 ) ) ;
#2062 = CARTESIAN_POINT ( 'NONE',  ( -3.015961735643311936, 10.00000000000000000, -8.811626414829062170 ) ) ;
#2063 = DIRECTION ( 'NONE',  ( 0.000000000000000000, 0.000000000000000000, 1.000000000000000000 ) ) ;
#2064 = AXIS2_PLACEMENT_3D ( 'NONE', #146, #1643, #1523 ) ;
#2065 = DIRECTION ( 'NONE',  ( -0.000000000000000000, 1.000000000000000000, -0.000000000000000000 ) ) ;
#2066 = VERTEX_POINT ( 'NONE', #1011 ) ;
#2067 = VECTOR ( 'NONE', #2141, 1000.000000000000114 ) ;
#2068 = SHAPE_REPRESENTATION_RELATIONSHIP ( 'NONE' , 'NONE' ,  #1189, #983 ) ;
#2069 = DIRECTION ( 'NONE',  ( 0.000000000000000000, 0.000000000000000000, -1.000000000000000000 ) ) ;
#2070 = ORIENTED_EDGE ( 'NONE', *, *, #173, .T. ) ;
#2071 = CYLINDRICAL_SURFACE ( 'NONE', #51, 5.000000000000000000 ) ;
#2072 = ADVANCED_FACE ( 'NONE', ( #839, #2008 ), #803, .F. ) ;
#2073 = VECTOR ( 'NONE', #1340, 1000.000000000000000 ) ;
#2074 = CARTESIAN_POINT ( 'NONE',  ( -3.015961735643312380, 5.000000000000004441, -11.31162641482906572 ) ) ;
#2075 = DIRECTION ( 'NONE',  ( -0.02493069173805870578, 0.000000000000000000, -0.9996891820008166896 ) ) ;
#2076 = DIRECTION ( 'NONE',  ( -0.000000000000000000, 1.000000000000000000, -0.000000000000000000 ) ) ;
#2077 = APPROVAL_DATE_TIME ( #395, #618 ) ;
#2078 = PLANE ( 'NONE',  #2163 ) ;
#2079 = AXIS2_PLACEMENT_3D ( 'NONE', #1533, #1376, #1716 ) ;
#2080 = ORIENTED_EDGE ( 'NONE', *, *, #122, .F. ) ;
#2081 = EDGE_CURVE ( 'NONE', #1805, #322, #2016, .T. ) ;
#2082 = CARTESIAN_POINT ( 'NONE',  ( 0.000000000000000000, 50.00000000000000000, -100.0000000000000000 ) ) ;
#2083 = CARTESIAN_POINT ( 'NONE',  ( 0.000000000000000000, 0.000000000000000000, 0.000000000000000000 ) ) ;
#2084 = EDGE_CURVE ( 'NONE', #1982, #74, #18, .T. ) ;
#2085 = FACE_OUTER_BOUND ( 'NONE', #1125, .T. ) ;
#2086 = PERSON_AND_ORGANIZATION ( #323, #1977 ) ;
#2087 = CARTESIAN_POINT ( 'NONE',  ( 3.061616997868384127E-16, 10.00000000000000000, 13.50000000000000000 ) ) ;
#2088 = ORIENTED_EDGE ( 'NONE', *, *, #1341, .T. ) ;
#2089 = ORIENTED_EDGE ( 'NONE', *, *, #546, .T. ) ;
#2090 = PLANE ( 'NONE',  #1609 ) ;
#2091 = CALENDAR_DATE ( 2026, 11, 5 ) ;
#2092 = AXIS2_PLACEMENT_3D ( 'NONE', #206, #1048, #28 ) ;
#2093 = CC_DESIGN_APPROVAL ( #1221, ( #680 ) ) ;
#2094 = PRODUCT_DEFINITION ( 'UNKNOWN', '', #1486, #1382 ) ;
#2095 = DIRECTION ( 'NONE',  ( -0.000000000000000000, -1.000000000000000000, -0.000000000000000000 ) ) ;
#2096 = AXIS2_PLACEMENT_3D ( 'NONE', #1678, #1334, #1984 ) ;
#2097 = DIRECTION ( 'NONE',  ( 0.000000000000000000, 0.000000000000000000, 1.000000000000000000 ) ) ;
#2098 = PERSON_AND_ORGANIZATION ( #323, #1977 ) ;
#2099 = CARTESIAN_POINT ( 'NONE',  ( 0.000000000000000000, 0.000000000000000000, -100.0000000000000000 ) ) ;
#2100 = ORIENTED_EDGE ( 'NONE', *, *, #1869, .F. ) ;
#2101 = VERTEX_POINT ( 'NONE', #1324 ) ;
#2102 = CARTESIAN_POINT ( 'NONE',  ( 0.000000000000000000, 5.000000000000004441, 0.000000000000000000 ) ) ;
#2103 = CALENDAR_DATE ( 2026, 11, 5 ) ;
#2104 = AXIS2_PLACEMENT_3D ( 'NONE', #1282, #1104, #1259 ) ;
#2105 = DIRECTION ( 'NONE',  ( -0.000000000000000000, 1.000000000000000000, -0.000000000000000000 ) ) ;
#2106 = LINE ( 'NONE', #925, #253 ) ;
#2107 = CALENDAR_DATE ( 2026, 11, 5 ) ;
#2108 = DIRECTION ( 'NONE',  ( 0.000000000000000000, 0.000000000000000000, 1.000000000000000000 ) ) ;
#2109 = VERTEX_POINT ( 'NONE', #2148 ) ;
#2110 = AXIS2_PLACEMENT_3D ( 'NONE', #1623, #779, #1457 ) ;
#2111 = EDGE_LOOP ( 'NONE', ( #1640, #1488, #659, #728 ) ) ;
#2112 = LINE ( 'NONE', #755, #195 ) ;
#2113 =( GEOMETRIC_REPRESENTATION_CONTEXT ( 3 ) GLOBAL_UNCERTAINTY_ASSIGNED_CONTEXT ( ( #1518 ) ) GLOBAL_UNIT_ASSIGNED_CONTEXT ( ( #1699, #1054, #1190 ) ) REPRESENTATION_CONTEXT ( 'NONE', 'WORKASPACE' ) );
#2114 = APPLICATION_PROTOCOL_DEFINITION ( 'international standard', 'config_control_design', 1994, #772 ) ;
#2115 = ADVANCED_BREP_SHAPE_REPRESENTATION ( '', ( #1739, #456 ), #2153 ) ;
#2116 = DIRECTION ( 'NONE',  ( -0.000000000000000000, -1.000000000000000000, -0.000000000000000000 ) ) ;
#2117 = EDGE_CURVE ( 'NONE', #199, #1314, #294, .T. ) ;
#2118 = EDGE_CURVE ( 'NONE', #1779, #964, #134, .T. ) ;
#2119 = DIRECTION ( 'NONE',  ( -0.000000000000000000, -1.000000000000000000, -0.000000000000000000 ) ) ;
#2120 = ADVANCED_FACE ( 'NONE', ( #825 ), #1490, .T. ) ;
#2121 = MECHANICAL_CONTEXT ( 'NONE', #1499, 'mechanical' ) ;
#2122 = CARTESIAN_POINT ( 'NONE',  ( 9.381977789616371410, 0.000000000000000000, 7.481877622304784481 ) ) ;
#2123 = EDGE_CURVE ( 'NONE', #386, #522, #476, .T. ) ;
#2124 = VERTEX_POINT ( 'NONE', #1995 ) ;
#2125 = EDGE_LOOP ( 'NONE', ( #1527, #1983, #940, #284 ) ) ;
#2126 = AXIS2_PLACEMENT_3D ( 'NONE', #1859, #354, #2009 ) ;
#2127 = DIRECTION ( 'NONE',  ( 0.000000000000000000, 1.000000000000000000, 0.000000000000000000 ) ) ;
#2128 = PERSON_AND_ORGANIZATION ( #323, #1977 ) ;
#2129 = DIRECTION ( 'NONE',  ( 0.000000000000000000, 0.000000000000000000, 1.000000000000000000 ) ) ;
#2130 = AXIS2_PLACEMENT_3D ( 'NONE', #714, #1062, #887 ) ;
#2131 = AXIS2_PLACEMENT_3D ( 'NONE', #2074, #383, #1554 ) ;
#2132 = ORGANIZATION ( 'NAUO-ORG2', 'UNSPECIFIED', 'UNSPECIFIED' ) ;
#2133 = LINE ( 'NONE', #279, #1038 ) ;
#2134 = PERSON_AND_ORGANIZATION_ROLE ( 'design_supplier' ) ;
#2135 = LINE ( 'NONE', #1277, #235 ) ;
#2136 = ORIENTED_EDGE ( 'NONE', *, *, #1981, .F. ) ;
#2137 = VERTEX_POINT ( 'NONE', #455 ) ;
#2138 = CARTESIAN_POINT ( 'NONE',  ( 0.000000000000000000, 5.000000000000004441, 0.000000000000000000 ) ) ;
#2139 = ORIENTED_EDGE ( 'NONE', *, *, #1371, .T. ) ;
#2140 = APPROVAL_STATUS ( 'not_yet_approved' ) ;
#2141 = DIRECTION ( 'NONE',  ( 0.4562106573531578002, 0.000000000000000000, 0.8898718088114713209 ) ) ;
#2142 = EDGE_CURVE ( 'NONE', #1504, #342, #494, .T. ) ;
#2143 = FACE_OUTER_BOUND ( 'NONE', #988, .T. ) ;
#2144 = DIRECTION ( 'NONE',  ( -0.9749279121818227312, -0.000000000000000000, -0.2225209339563182231 ) ) ;
#2145 = DIRECTION ( 'NONE',  ( -0.000000000000000000, -1.000000000000000000, -0.000000000000000000 ) ) ;
#2146 = ORIENTED_EDGE ( 'NONE', *, *, #837, .T. ) ;
#2147 = ORIENTED_EDGE ( 'NONE', *, *, #1687, .F. ) ;
#2148 = CARTESIAN_POINT ( 'NONE',  ( -9.942375551532062872, 5.000000000000004441, -6.571220075378210623 ) ) ;
#2149 = ORIENTED_EDGE ( 'NONE', *, *, #397, .T. ) ;
#2150 = VECTOR ( 'NONE', #1097, 1000.000000000000114 ) ;
#2151 = EDGE_CURVE ( 'NONE', #1053, #1642, #1666, .T. ) ;
#2152 = DIRECTION ( 'NONE',  ( 0.000000000000000000, 0.000000000000000000, 1.000000000000000000 ) ) ;
#2153 =( GEOMETRIC_REPRESENTATION_CONTEXT ( 3 ) GLOBAL_UNCERTAINTY_ASSIGNED_CONTEXT ( ( #339 ) ) GLOBAL_UNIT_ASSIGNED_CONTEXT ( ( #353, #1231, #694 ) ) REPRESENTATION_CONTEXT ( 'NONE', 'WORKASPACE' ) );
#2154 = DIRECTION ( 'NONE',  ( 0.000000000000000000, 0.000000000000000000, 1.000000000000000000 ) ) ;
#2155 = DIRECTION ( 'NONE',  ( 0.000000000000000000, 0.000000000000000000, 1.000000000000000000 ) ) ;
#2156 = ADVANCED_FACE ( 'NONE', ( #2171 ), #1167, .F. ) ;
#2157 = LINE ( 'NONE', #477, #1388 ) ;
#2158 = ORIENTED_EDGE ( 'NONE', *, *, #1130, .T. ) ;
#2159 = ORIENTED_EDGE ( 'NONE', *, *, #869, .T. ) ;
#2160 = CARTESIAN_POINT ( 'NONE',  ( -9.942375551532062872, 0.000000000000000000, -4.071220075378209735 ) ) ;
#2161 = DIRECTION ( 'NONE',  ( 0.000000000000000000, 0.000000000000000000, -1.000000000000000000 ) ) ;
#2162 = ORIENTED_EDGE ( 'NONE', *, *, #1770, .F. ) ;
#2163 = AXIS2_PLACEMENT_3D ( 'NONE', #1585, #62, #407 ) ;
#2164 = APPROVAL ( #1625, 'UNSPECIFIED' ) ;
#2165 = CARTESIAN_POINT ( 'NONE',  ( 4.874639560909112213, 5.000000000000004441, 1.112604669781591227 ) ) ;
#2166 = CARTESIAN_POINT ( 'NONE',  ( -3.015961735643312380, 5.000000000000004441, -13.81162641482906750 ) ) ;
#2167 = CIRCLE ( 'NONE', #1393, 95.51671111996031982 ) ;
#2168 = DIRECTION ( 'NONE',  ( 0.000000000000000000, 0.000000000000000000, -1.000000000000000000 ) ) ;
#2169 = ORIENTED_EDGE ( 'NONE', *, *, #1709, .T. ) ;
#2170 = ORIENTED_EDGE ( 'NONE', *, *, #818, .T. ) ;
#2171 = FACE_OUTER_BOUND ( 'NONE', #180, .T. ) ;
#2172 = DIRECTION ( 'NONE',  ( -0.4112871031306188363, 0.000000000000000000, 0.9115058523116699174 ) ) ;
#2173 = AXIS2_PLACEMENT_3D ( 'NONE', #431, #263, #1123 ) ;
#2174 = EDGE_LOOP ( 'NONE', ( #445, #2070, #993, #1828 ) ) ;
#2175 = CONTEXT_DEPENDENT_SHAPE_REPRESENTATION ( #362, #1469 ) ;
#2176 = CIRCLE ( 'NONE', #261, 100.0000000000000000 ) ;
#2177 = CARTESIAN_POINT ( 'NONE',  ( -76.13947541674090758, 5.000000000000004441, -57.67341143401748127 ) ) ;
#2178 = DIRECTION ( 'NONE',  ( -0.000000000000000000, -1.000000000000000000, -0.000000000000000000 ) ) ;
#2179 = EDGE_CURVE ( 'NONE', #240, #1179, #125, .T. ) ;
#2180 = CIRCLE ( 'NONE', #191, 95.51671111996033403 ) ;
#2181 = ORIENTED_EDGE ( 'NONE', *, *, #351, .T. ) ;
#2182 = AXIS2_PLACEMENT_3D ( 'NONE', #1308, #622, #293 ) ;
#2183 = ORIENTED_EDGE ( 'NONE', *, *, #837, .F. ) ;
#2184 = DIRECTION ( 'NONE',  ( 0.000000000000000000, 0.000000000000000000, 1.000000000000000000 ) ) ;
#2185 = DIRECTION ( 'NONE',  ( 0.000000000000000000, 0.000000000000000000, -1.000000000000000000 ) ) ;
#2186 = ORIENTED_EDGE ( 'NONE', *, *, #1998, .F. ) ;
#2187 = ORIENTED_EDGE ( 'NONE', *, *, #358, .T. ) ;
#2188 = PERSON_AND_ORGANIZATION_ROLE ( 'classification_officer' ) ;
#2189 = LOCAL_TIME ( 15, 21, 43.00000000000000000, #1925 ) ;
#2190 = CARTESIAN_POINT ( 'NONE',  ( 93.62285236956211065, 5.000000000000004441, 18.92626791951151333 ) ) ;
#2191 = VERTEX_POINT ( 'NONE', #1893 ) ;
#2192 = NEXT_ASSEMBLY_USAGE_OCCURRENCE ( 'NAUO1', ' ', ' ', #2094, #205, $ ) ;
#2193 = NEXT_ASSEMBLY_USAGE_OCCURRENCE ( 'NAUO2', ' ', ' ', #2094, #1934, $ ) ;
ENDSEC;
END-ISO-10303-21;
